"0x69d6e0","Track Table Pointer","Priority"
"0x0000 0 Nothing","0x869f620","0x0"
"0x0001 1 Precious Things","0x8aa3898","0x10001"
"0x0002 2 Companions","0x8aa4944","0x10001"
"0x0003 3 Friendship and Adventure","0x8aa5400","0x10001"
"0x0004 4 Dragon's Gate II","0x8aa5de8","0x10001"
"0x0005 5 Scars of the Scouring","0x8aa68f0","0x10001"
"0x0006 6 Raise Your Spirits","0x8aa7280","0x10001"
"0x0007 7 Shadow Approaches","0x8aa7b78","0x10001"
"0x0008 8 Binding Ties","0x8aa8414","0x10001"
"0x0009 9 Winning Road","0x8aa8cb0","0x10001"
"0x000A 10 Distant Travels","0x8aa9784","0x10001"
"0x000B 11 Inescapable Fate","0x8aaa174","0x10001"
"0x000C 12 Enemies Appear","0x8aab0b4","0x10001"
"0x000D 13 The Messenger","0x8aabb04","0x10001"
"0x000E 14 Darkness Comes","0x8aac670","0x10001"
"0x000F 15 Nabata's Wandering Messenger","0x8aad7f0","0x10001"
"0x0010 16 Dragon's Gate I","0x8aadf40","0x10001"
"0x0011 17 Legendary Inheritance","0x8aae478","0x10001"
"0x0012 18 Raid!","0x8aaef4c","0x10001"
"0x0013 19 Messenger from the Darkness","0x8aaf770","0x10001"
"0x0014 20 Victory Now!","0x8aafd0c","0x0"
"0x0015 21 Rise to the Challenge","0x8ab08d4","0x0"
"0x0016 22 Softly with Grace","0x8ab0f30","0x0"
"0x0017 23 Everything into the Dark","0x8ab1980","0x0"
"0x0018 24 Campaign of Fire","0x8ab22f8","0x0"
"0x0019 25 Healing","0x8ab27cc","0x0"
"0x001A 26 Curing","0x8ab2950","0x0"
"0x001B 27 To the Heights","0x8ab2ee0","0x0"
"0x001C 28 Blessing of the 8 Generals I","0x8ab32f8","0x0"
"0x001D 29 Receive the Blessings of Water","0x8ab3750","0x0"
"0x001E 30 Ride the Wind","0x8ab3bcc","0x0"
"0x001F 31 Strike","0x8ab4848","0x0"
"0x0020 32 Safeguard","0x8ab4e34","0x0"
"0x0021 33 Requiem","0x8ab517c","0x0"
"0x0022 34 Land of Swirling Sands","0x8ab5850","0x0"
"0x0023 35 The Kingdom of Bern","0x8ab60dc","0x10001"
"0x0024 36 Bern - A Mother's Wish","0x8ab66ac","0x0"
"0x0025 37 A Hint of Things to Come","0x8ab6e48","0x0"
"0x0026 38 Road of Trials","0x8ab7524","0x0"
"0x0027 39 Destiny Enlaced by Fear","0x8ab7b58","0x0"
"0x0028 40 Nothing","0x869f620","0x0"
"0x0029 41 Results","0x8ab8534","0x0"
"0x002A 42 Treasured Hope","0x8abb05c","0x0"
"0x002B 43 Game Over","0x8abb17c","0x0"
"0x002C 44 Within Sadness","0x8abb27c","0x0"
"0x002D 45 Arena Victory","0x8abb380","0x0"
"0x002E 46 Arena Tactics","0x8abb9c8","0x0"
"0x002F 47 Nothing","0x869f620","0x0"
"0x0030 48 Winds Across the Plains","0x8abc48c","0x10001"
"0x0031 49 Nothing","0x8abc4ac","0x0"
"0x0032 50 An Unexpected Caller","0x8abdc38","0x10001"
"0x0033 51 When the Rush Comes","0x8abe714","0x0"
"0x0034 52 The Cogs of Fate","0x8abf260","0x0"
"0x0035 53 Shocking Truth I","0x8abf9d4","0x10001"
"0x0036 54 Shocking Truth II","0x8abfd28","0x0"
"0x0037 55 The Eight Generals","0x8ac05c4","0x10001"
"0x0038 56 Triumph","0x8ac0eb4","0x10001"
"0x0039 57 In the Shadow of Triumph","0x8ac19c0","0x10001"
"0x003A 58 Reminiscence","0x8ac2374","0x10001"
"0x003B 59 Nergal's Wrath","0x8ac2824","0x0"
"0x003C 60 The Archsage Athos","0x8ac308c","0x10001"
"0x003D 61 One Heart: Eliwood's Theme","0x8ac3a20","0x0"
"0x003E 62 Loyalty: Hector's Theme","0x8ac4270","0x0"
"0x003F 63 Girl of the Plains: Lyn's Theme","0x8ac4ef8","0x0"
"0x0040 64 Final Farewell","0x8ac58e0","0x0"
"0x0041 65 Going My Way","0x8ac5fd8","0x0"
"0x0042 66 Together, We Ride!","0x8ac6664","0x0"
"0x0043 67 A Knight's Oath","0x8ac73e4","0x0"
"0x0044 68 Happiness Abounds","0x8ac7ee0","0x0"
"0x0045 69 Main Theme Arrangement","0x8ac8cdc","0x0"
"0x0046 70 Shop","0x8ac91b0","0x0"
"0x0047 71 Arena Entrance","0x8ac9690","0x0"
"0x0048 72 Arena Battle","0x8ac9a18","0x0"
"0x0049 73 Prepare to Charge","0x8ac9f3c","0x0"
"0x004A 74 Calamity Bringer: Nergal's Theme","0x8aca778","0x10001"
"0x004B 75 Light to Tomorrow","0x8acb4cc","0x0"
"0x004C 76 Merlinus","0x8acb94c","0x0"
"0x004D 77 Armory","0x8acbb90","0x0"
"0x004E 78 Ships and Homes","0x8acbee4","0x10001"
"0x004F 79 Silent Ground","0x8acc1fc","0x0"
"0x0050 80 Black Fang","0x8acc774","0x0"
"0x0051 81 Recollection of a Petal","0x8acce64","0x0"
"0x0052 82 What Comes from Darkness","0x8ace710","0x0"
"0x0053 83 Stratagem","0x8acee10","0x0"
"0x0054 84 Lyn's Desire","0x8acf08c","0x0"
"0x0055 85 Nothing","0x869f620","0x0"
"0x0056 86 Eyes of Sorrow","0x8acf518","0x0"
"0x0057 87 Unshakable Faith","0x8acffe0","0x0"
"0x0058 88 The Grieving Heart","0x8ad0784","0x0"
"0x0059 89 Nothing","0x869f620","0x0"
"0x005A 90 Fire Emblem Theme","0x8ad15ec","0x0"
"0x005B 91 Fire Emblem Theme (looped)","0x8ad216c","0x0"
"0x005C 92 Opening: History Unveiled","0x8ad31e4","0x0"
"0x005D 93 Distant Utopia","0x8ad37b4","0x0"
"0x005E 94 Fortune Telling","0x8ad396c","0x10001"
"0x005F 95 Fire Emblem Theme (with intro)","0x8ad4ecc","0x0"
"0x0060 96 Chapter Display humming","0x8ad5134","0x60006"
"0x0061 97 Chapter Display","0x8ad59b0","0x70007"
"0x0062 98 Water Droplet in the Opening","0x8ad59d0","0x30003"
"0x0063 99 Sword Sound in the Opening","0x8ad5a3c","0x30003"
"0x0064 100 What Comes from Darkness","0x8ace710","0x10001"
"0x0065 101 Black Fang","0x8acc774","0x10001"
"0x0066 102 Going My Way","0x8ac5fd8","0x10001"
"0x0067 103 Safeguard","0x8ab4e34","0x10001"
"0x0068 104 Shattered Life","0x8ad65e8","0x0"
"0x0069 105 Anguish","0x8ad7050","0x0"
"0x006A 106 Respite in Battle","0x8ad72b8","0x0"
"0x006B 107 The Inn","0x8ad74e8","0x0"
"0x006C 108 Nothing","0x869f620","0x0"
"0x006D 109 Nothing","0x869f620","0x0"
"0x006E 110 Blessing of the 8 Generals II","0x8ad7b80","0x0"
"0x006F 111 Campaign of Fire (no intro)","0x8ad8244","0x0"
"0x0070 112 Beneath a New Light","0x8ad8d8c","0x0"
"0x0071 113 The Path to Greatness","0x8ad94fc","0x0"
"0x0072 114 In the Name of Bern","0x8ad9d30","0x0"
"0x0073 115 Legend of Athos","0x8adae70","0x0"
"0x0074 116 Avoided Fate","0x8adc4c0","0x0"
"0x0075 117 Legend of the God Dragon","0x8adcea8","0x0"
"0x0076 118 Royal Palace of Silezha","0x8add3a0","0x0"
"0x0077 119 ???","0x8addc98","0x0"
"0x0078 120 ??? (sounds like FE6's theme, but still unused there, too...)","0x8ade3f4","0x0"
"0x0079 121 Ominous","0x8ade9cc","0x0"
"0x007A 122 Nothing","0x869f620","0x0"
"0x007B 123 Nothing","0x869f620","0x0"
"0x007C 124 Nothing","0x869f620","0x0"
"0x007D 125 Nothing","0x869f620","0x0"
"0x007E 126 Nothing","0x869f620","0x0"
"0x007F 127 Nothing","0x869f620","0x0"
"0x0080 128 Droplet? sounds familiar","0x8adea18","0x30003"
"0x0081 129 Crowd cheering","0x8adea88","0x80008"
"0x0082 130 Rest staff (map)","0x8adead8","0x60006"
"0x0083 131 Silence staff (map)","0x8adeb08","0x60006"
"0x0084 132 Nothing","0x8adeb24","0x60006"
"0x0085 133 Sleep staff (map)","0x8adeb40","0x60006"
"0x0086 134 Hammerne staff (map)","0x8adeb90","0x60006"
"0x0087 135 Berserk staff (map)","0x8adebfc","0x60006"
"0x0088 136 Weird sound (Watch staff?)","0x8adec48","0x60006"
"0x0089 137 Live staff","0x8adecb4","0x60006"
"0x008A 138 Relive staff","0x8aded20","0x60006"
"0x008B 139 Recover staff","0x8aded98","0x60006"
"0x008C 140 Reserve staff","0x8adee38","0x70007"
"0x008D 141 Recovery from a status effect (longer)","0x8adeedc","0x60006"
"0x008E 142 Crowd cheering (softer)","0x8adef5c","0x80008"
"0x008F 143 Crowd cheering, then stops","0x8adf000","0x80008"
"0x0090 144 FE6 Chapter opening humming","0x8adf0cc","0x60006"
"0x0091 145 FE6 Chapter opening","0x8adf1e4","0x70007"
"0x0092 146 Nothing","0x869f620","0x0"
"0x0093 147 Footsteps","0x869f620","0x0"
"0x0094 148 Footsteps 2","0x869f620","0x0"
"0x0095 149 Footsteps 3","0x869f620","0x0"
"0x0096 150 Footsteps 4","0x8adf208","0x40004"
"0x0097 151 Footsteps 5","0x8adf224","0x40004"
"0x0098 152 Footsteps 6","0x8adf240","0x50005"
"0x0099 153 Footsteps 7","0x8adf25c","0x50005"
"0x009A 154 Footsteps 8","0x8adf278","0x40004"
"0x009B 155 Horse trot","0x8adf294","0x40004"
"0x009C 156 Horse trot 2","0x8adf2b0","0x40004"
"0x009D 157 Horse trot 3","0x8adf2cc","0x50005"
"0x009E 158 Horse trot 4","0x8adf2e8","0x50005"
"0x009F 159 Horse trot 5","0x8adf304","0x50005"
"0x00A0 160 Armor walk","0x8adf320","0x40004"
"0x00A1 161 Armor walk 2","0x8adf33c","0x50005"
"0x00A2 162 Armor walk 3","0x8adf358","0x40004"
"0x00A3 163 Armor walk 4","0x8adf374","0x40004"
"0x00A4 164 Armor walk 5","0x8adf390","0x50005"
"0x00A5 165 Armor walk 6","0x8adf3ac","0x50005"
"0x00A6 166 Pegasus flying","0x8adf3c8","0x40004"
"0x00A7 167 Pegasus flying 2","0x8adf3e4","0x50005"
"0x00A8 168 Nothing","0x869f620","0x0"
"0x00A9 169 Nothing","0x869f620","0x0"
"0x00AA 170 Recovery from a status effect","0x8adf44c","0x60006"
"0x00AB 171 Village being destroyed","0x8adf468","0x60006"
"0x00AC 172 Rescued unit falling from dead holder","0x8adf484","0x60006"
"0x00AD 173 Nothing","0x869f620","0x0"
"0x00AE 174 Nothing","0x869f620","0x0"
"0x00AF 175 Destroyed wall/snag","0x8adf4a0","0x70007"
"0x00B0 176 Attacking wall/snag","0x8adf4bc","0x70007"
"0x00B1 177 Unlocking door","0x8adf4d8","0x60006"
"0x00B2 178 Nothing","0x869f620","0x0"
"0x00B3 179 Torch","0x8adf564","0x60006"
"0x00B4 180 Warping","0x8adf584","0x60006"
"0x00B5 181 Warp end","0x8adf5a0","0x70007"
"0x00B6 182 Pure water used","0x8adf5bc","0x60006"
"0x00B7 183 Poison sound","0x8adf5d8","0x60006"
"0x00B8 184 ??? (ascending square wave with noise)","0x8adf680","0x70007"
"0x00B9 185 Money changing hands (cash register ding)","0x8adf6a0","0x40004"
"0x00BA 186 Poison vent (can also be used for fire breath)","0x8adf6c0","0x60006"
"0x00BB 187 Nothing","0x869f620","0x0"
"0x00BC 188 Nothing","0x869f620","0x0"
"0x00BD 189 Water tile going under","0x8adf704","0x60006"
"0x00BE 190 Water tile coming up","0x8adf748","0x60006"
"0x00BF 191 Fire tile","0x8adf778","0x60006"
"0x00C0 192 Nothing","0x869f620","0x0"
"0x00C1 193 Nothing","0x869f620","0x0"
"0x00C2 194 Nothing","0x869f620","0x0"
"0x00C3 195 Nothing","0x869f620","0x0"
"0x00C4 196 Nothing","0x869f620","0x0"
"0x00C5 197 Nothing","0x869f620","0x0"
"0x00C6 198 Nothing","0x869f620","0x0"
"0x00C7 199 Ominous wind ambience","0x8adf97c","0x70007"
"0x00C8 200 Light weapon swing","0x8adf998","0x60006"
"0x00C9 201 Very light weapon swing","0x8adf9b4","0x60006"
"0x00CA 202 Semi-light weapon swing","0x8adf9d0","0x60006"
"0x00CB 203 Weapon spinning (e.g. Durandal)","0x8adf9ec","0x60006"
"0x00CC 204 Arrow loosing","0x8adfa08","0x60006"
"0x00CD 205 Swish/Low plunk?","0x8adfa24","0x60006"
"0x00CE 206 Sword unsheathing (shwing)","0x8adfa40","0x60006"
"0x00CF 207 Sword unsheathing (click)","0x8adfa5c","0x60006"
"0x00D0 208 Ballista fire","0x8adfa78","0x60006"
"0x00D1 209 Bowstring pulling back","0x8adfab4","0x70007"
"0x00D2 210 Hit (map)","0x8adfad0","0x70007"
"0x00D3 211 Hit 2 (map) (light swords, e.g. myrmidon)","0x8adfaec","0x70007"
"0x00D4 212 Hit 3 (map) (medium weapons, e.g. cavalier)","0x8adfb08","0x70007"
"0x00D5 213 Kill (map)","0x8adfb24","0x70007"
"0x00D6 214 Death (map)","0x8adfb40","0x70007"
"0x00D7 215 Miss (realtime)","0x8adfb5c","0x70007"
"0x00D8 216 Critical hit (""thrashing"" sound) (Noise)","0x8adfbfc","0x30003"
"0x00D9 217 Nothing","0x869f620","0x0"
"0x00DA 218 Nothing","0x869f620","0x0"
"0x00DB 219 Nothing","0x869f620","0x0"
"0x00DC 220 Manakete transform","0x8adfc58","0x60006"
"0x00DD 221 Manakete de-transform","0x8adfcb8","0x60006"
"0x00DE 222 Manakete yowl","0x8adfd34","0x70007"
"0x00DF 223 Manakete roar","0x8adfd7c","0x70007"
"0x00E0 224 Nothing","0x869f620","0x0"
"0x00E1 225 Nothing","0x869f620","0x0"
"0x00E2 226 Armor triangle attack, allies striking","0x8adfd98","0x70007"
"0x00E3 227 Idoun/Fire Dragon death roar","0x8adfdb8","0x70007"
"0x00E4 228 Nothing","0x869f620","0x0"
"0x00E5 229 Idoun/Fire Dragon death roar","0x8adfdd8","0x70007"
"0x00E6 230 Manakete post-transformation growl","0x8adfdf8","0x70007"
"0x00E7 231 Brigand battle cry","0x8adfe14","0x60006"
"0x00E8 232 Nothing","0x869f620","0x0"
"0x00E9 233 Nothing","0x869f620","0x0"
"0x00EA 234 Axe falling","0x8adfe30","0x60006"
"0x00EB 235 Axe rising","0x8adfe4c","0x60006"
"0x00EC 236 Nothing","0x869f620","0x0"
"0x00ED 237 Nothing","0x869f620","0x0"
"0x00EE 238 Nothing","0x869f620","0x0"
"0x00EF 239 Dance/Play effect","0x8adfe68","0x70007"
"0x00F0 240 Divine weapon shine","0x8adfe84","0x70007"
"0x00F1 241 Fire charge","0x8adfea0","0x60006"
"0x00F2 242 Fire shoot","0x8adfebc","0x60006"
"0x00F3 243 Nothing","0x869f620","0x0"
"0x00F4 244 Bolting static","0x8adfed8","0x60006"
"0x00F5 245 Bolting strike","0x8adfef4","0x60006"
"0x00F6 246 Shaman charging","0x8adff78","0x60006"
"0x00F7 247 Weird rumbling","0x8adffe4","0x60006"
"0x00F8 248 Weird rumbling 2","0x8ae0000","0x60006"
"0x00F9 249 Berserk staff (realtime)","0x8ae00a0","0x60006"
"0x00FA 250 Silence staff charging (realtime)","0x8ae0100","0x70007"
"0x00FB 251 Silence staff forming (realtime)","0x8ae0140","0x60006"
"0x00FC 252 Silence hit (magical spark?)","0x8ae015c","0x60006"
"0x00FD 253 Rest staff (realtime)","0x8ae01c4","0x60006"
"0x00FE 254 Purge flash","0x8ae0238","0x60006"
"0x00FF 255 Purge flash 2","0x8ae02ac","0x70007"
"0x0100 256 Purge charging","0x8ae0338","0x60006"
"0x0101 257 Purge strike","0x8ae039c","0x30003"
"0x0102 258 Aureola light explosion (short)","0x8ae0404","0x60006"
"0x0103 259 Hammerne staff (realtime)","0x8ae04f8","0x60006"
"0x0104 260 Nothing","0x869f620","0x0"
"0x0105 261 Nothing","0x869f620","0x0"
"0x0106 262 Nothing","0x869f620","0x0"
"0x0107 263 Nothing","0x869f620","0x0"
"0x0108 264 Nothing","0x869f620","0x0"
"0x0109 265 Nothing","0x869f620","0x0"
"0x010A 266 Flux charging (going into ground)","0x8ae0548","0x60006"
"0x010B 267 Nothing","0x869f620","0x0"
"0x010C 268 Nothing","0x869f620","0x0"
"0x010D 269 Nothing","0x869f620","0x0"
"0x010E 270 Heal staff","0x8ae05c8","0x70007"
"0x010F 271 Heal staff","0x8ae0648","0x60006"
"0x0110 272 Mend staff","0x8ae06b4","0x70007"
"0x0111 273 Mend staff","0x8ae0720","0x60006"
"0x0112 274 Recover staff","0x8ae0794","0x70007"
"0x0113 275 Recover staff","0x8ae0808","0x60006"
"0x0114 276 Fortify staff (realtime)","0x8ae08ec","0x20002"
"0x0115 277 Nothing","0x869f620","0x0"
"0x0116 278 Nothing","0x869f620","0x0"
"0x0117 279 Nothing","0x869f620","0x0"
"0x0118 280 Nothing","0x869f620","0x0"
"0x0119 281 Bolting sparks","0x8ae0920","0x60006"
"0x011A 282 Bolting strike","0x8ae093c","0x60006"
"0x011B 283 Sleep charging (realtime)","0x8ae0958","0x70007"
"0x011C 284 Sleep activating (realtime)","0x8ae0974","0x60006"
"0x011D 285 Rumbling?","0x8ae0990","0x60006"
"0x011E 286 Fimbulvetr-esq wind (not the real fimb wind)","0x8ae09fc","0x60006"
"0x011F 287 Weird charging sound (evil sound)","0x8ae0a30","0x60006"
"0x0120 288 Lightning charging","0x8ae0a58","0x60006"
"0x0121 289 Lightning strike","0x8ae0a80","0x60006"
"0x0122 290 Fimbulvetr wind","0x8ae0c08","0x60006"
"0x0123 291 Fimbulvetr ice","0x8ae0c28","0x60006"
"0x0124 292 Nosferatu symbol","0x8ae0c48","0x60006"
"0x0125 293 Nosferatu drain","0x8ae0c64","0x60006"
"0x0126 294 Nosferatu heal","0x8ae0ca0","0x60006"
"0x0127 295 Divine charging","0x8ae0cbc","0x60006"
"0x0128 296 Divine falling","0x8ae0d08","0x70007"
"0x0129 297 Divine strike","0x8ae0d64","0x60006"
"0x012A 298 Aureola laser focusing","0x8ae0dbc","0x70007"
"0x012B 299 Aureola light bomb falling","0x8ae0e3c","0x60006"
"0x012C 300 Aureola light explosion","0x8ae0eec","0x60006"
"0x012D 301 Nothing","0x869f620","0x0"
"0x012E 302 Nothing","0x869f620","0x0"
"0x012F 303 Nothing","0x869f620","0x0"
"0x0130 304 Nothing","0x8ae0f48","0x70007"
"0x0131 305 Nothing","0x8ae0f68","0x60006"
"0x0132 306 ""sloom""; fire/water/darkness?","0x8ae0f84","0x20002"
"0x0133 307 ""slrang""; fire/water/darkness?","0x8ae0fb8","0x60006"
"0x0134 308 Valkyrie charging","0x8ae0ff8","0x60006"
"0x0135 309 Sage rune forming","0x8ae1030","0x60006"
"0x0136 310 Nothing","0x8ae104c","0x60006"
"0x0137 311 ""Falling"" sound","0x8ae10bc","0x60006"
"0x0138 312 Gespenst rune","0x8ae11a4","0x60006"
"0x0139 313 Gespenst stuff","0x8ae11c4","0x70007"
"0x013A 314 Nothing","0x869f620","0x0"
"0x013B 315 Unit goes into promotion light","0x8ae11e4","0x60006"
"0x013C 316 Unit comes out of promo light","0x8ae1200","0x60006"
"0x013D 317 Unit glows after exiting promo light","0x8ae128c","0x40004"
"0x013E 318 Promotion lightning bolt (a single strike)","0x8ae12a8","0x70007"
"0x013F Nothing","0x869f620","0x0"
"0x0140 Nothing","0x869f620","0x0"
"0x0141 Nothing","0x869f620","0x0"
"0x0142 Nothing","0x869f620","0x0"
"0x0143 Nothing","0x869f620","0x0"
"0x0144 Nothing","0x869f620","0x0"
"0x0145 Nothing","0x869f620","0x0"
"0x0146 Nothing","0x869f620","0x0"
"0x0147 Nothing","0x8ae12dc","0x70007"
"0x0148 Nothing","0x869f620","0x0"
"0x0149 Nothing","0x869f620","0x0"
"0x014A Nothing","0x8ae12f8","0x40004"
"0x014B Nothing","0x8ae1314","0x50005"
"0x014C Nothing","0x8ae1330","0x40004"
"0x014D Nothing","0x8ae134c","0x50005"
"0x014E Soft step","0x8ae1368","0x40004"
"0x014F Soft step 2","0x8ae1384","0x50005"
"0x0150 Soft step 3","0x8ae13a0","0x40004"
"0x0151 Soft step 4","0x8ae13bc","0x50005"
"0x0152 Nothing","0x869f620","0x0"
"0x0153 Nothing","0x869f620","0x0"
"0x0154 Soft step","0x8ae13d8","0x40004"
"0x0155 Soft step 2","0x8ae13f4","0x50005"
"0x0156 Soft step 3","0x8ae1410","0x40004"
"0x0157 Soft step 4","0x8ae142c","0x50005"
"0x0158 Soft step 5","0x8ae1448","0x40004"
"0x0159 The rest of high 01 just seems to be soft steps...","0x8ae1464","0x50005"
"0x02BC 700 Shine sound","0x8ae1480","0x40004"
"0x02BD 701 Nosferatu charging","0x8ae149c","0x50005"
"0x02BE 702 Eclipse? Dark magic","0x869f620","0x0"
"0x02BF 703 Excalibur first crescent appears","0x869f620","0x0"
"0x02C0 704 Excalibur storm","0x8ae14b8","0x40004"
"717 Clinking sound?","0x8ae14d4","0x50005"
"718 ""No damage!"" tink","0x8ae14f0","0x40004"
"712 Gespenst storm","0x8ae150c","0x50005"
"719 Eliwood's sword clicks","0x8ae1528","0x40004"
"720 Eliwood's sword shines","0x8ae1544","0x50005"
"0x02BF 721 Eliwood's horse neighing","0x8ae1560","0x40004"
"722 Hector's axe crashes onto the ground (Armads)","0x8ae157c","0x50005"
"0x02D8 728 Shrill ""slink!"" effect","0x869f620","0x0"
"730 Knife or light sword unsheathing?","0x869f620","0x0"
"731 Door opens slowly with a creak","0x8ae1598","0x40004"
"732 Ref whistle (used in Badon)","0x8ae15b4","0x50005"
"733 ""Zeet"" sound?","0x8ae15d0","0x40004"
"0x02de 734 Short crystal ringing sound?","0x8ae15ec","0x50005"
"741 Text advancing (on brown scroll)","0x8ae1608","0x40004"
"758 Thief/assass warps in","0x8ae1624","0x50005"
"760 Sage critical","0x8ae1640","0x40004"
"761","0x8ae165c","0x50005"
"762 Ice sound effect (not fimbulvetr, but similar)","0x869f620","0x0"
"0x02C0 890 Item get jingle","0x869f620","0x0"
"0x02C1 891 Level-up jingle","0x8ae1678","0x40004"
"0x02C2 892 Weapon broke jingle","0x8ae1694","0x50005"
"0x02C3 896 Saving game sound (file flipping over to next ch on file screen)","0x8ae16b0","0x40004"
"0x02C4 901 map cursor moving","0x8ae16cc","0x50005"
"0x02C5 902 menu option","0x8ae16e8","0x40004"
"0x02C6 903 menu option 2 (higher pitch; used when moving btw chars while trading)","0x8ae1704","0x50005"
"0x02C7 904 Uncontrollable unit selected (mov range displayed but no arrow; one beep instead of two)","0x8ae1720","0x40004"
"0x02C8 905 Controllable unit selected; movement range displayed","0x8ae173c","0x50005"
"0x02C9 906 Menu confirm","0x869f620","0x0"
"0x02CA 907 Menu cancel","0x869f620","0x0"
"0x02CB 908 Unselectable/invalid option","0x8ae1758","0x40004"
"0x02CC 909 plays when pressing start on title screen","0x8ae1774","0x50005"
"0x02CD 910 Dialogue advancing (a single letter of text)","0x8ae1790","0x40004"
"0x02CE 911 ??","0x8ae17ac","0x50005"
"0x02CF 912 ""Help"" context bubble opened","0x8ae17c8","0x40004"
"//913 ""Help"" bubble closed","0x8ae17e4","0x50005"
"//914 8-bit ascending beep?","0x8ae1800","0x40004"
"//915 Phases changing","0x8ae181c","0x50005"
"//916 Exp bar increasing (repeating beep)","0x869f620","0x0"
"//917 HP being healed","0x869f620","0x0"
"//918","0x8ae1838","0x40004"
"//919 Unit going ""!"" when running into an enemy in fog","0x8ae1854","0x50005"
"//920 Minimap opens","0x8ae1870","0x40004"
"//921 Minimap closes","0x8ae188c","0x50005"
"//921 Warp staff (warping into place)?","0x8ae18a8","0x40004"
"//925 8-bit confirmation noise?","0x8ae18c4","0x50005"
"//927 Warping into place? (used in link arena)","0x8ae18e0","0x40004"
"0x03A2 930 Rain ambience (very short loop)","0x8ae18fc","0x50005"
"0x03A3 931 Silent Ground (with birds and seashore)","0x869f620","0x0"
"0x03A4 932 Birds and seashore ambience","0x869f620","0x0"
"0x03A5 933 (empty)","0x8ae1918","0x40004"
"0x03A6 934 Ominous wind ambience","0x8ae1934","0x50005"
"0x03A7 935 Ominous wind + birds ambience","0x8ae1950","0x40004"
"0x03A8 936 Lava cave ambience (could also be used for deep sea?)","0x8ae196c","0x50005"
"0x03A9 937 Crickets/nighttime ambience","0x8ae1988","0x40004"
"0x03AA 938 Seashore ambience (w/ waves)","0x8ae19a4","0x50005"
"0x03AB 939 More birds (no seashore)","0x869f620","0x0"
"0x03AC 940 Another seashore","0x869f620","0x0"
"0x03AD 941 (empty)","0x869f620","0x0"
"0x03AE 942 Wind ambience (less spooky than 934; more like the top of a mountain)","0x869f620","0x0"
"0x03AF 943 Single gust of wind (no loop) (kills BGM)","0x8ae19c0","0x40004"
"0x03B0 944 Fimbulvetr/icy wind (no loop)","0x8ae19dc","0x50005"
"0x03B1 945 Sacred/shrine (""shwing!"" divine weapon sounds) ambience","0x8ae19f8","0x40004"
"0x03B8 952 Crickets with wind?","0x8ae1a14","0x50005"
"//Table seems to end at 1000 (0x03e8)","0x8ae1a30","0x40004"
"0x19f","0x8ae1a4c","0x50005"
"0x1a0","0x869f620","0x0"
"0x1a1","0x869f620","0x0"
"0x1a2","0x869f620","0x0"
"0x1a3","0x869f620","0x0"
"0x1a4","0x8ae1a68","0x40004"
"0x1a5","0x8ae1a84","0x50005"
"0x1a6","0x8ae1aa0","0x40004"
"0x1a7","0x8ae1abc","0x50005"
"0x1a8","0x8ae1ad8","0x40004"
"0x1a9","0x8ae1af4","0x50005"
"0x1aa","0x869f620","0x0"
"0x1ab","0x869f620","0x0"
"0x1ac","0x869f620","0x0"
"0x1ad","0x869f620","0x0"
"0x1ae","0x8ae1b10","0x40004"
"0x1af","0x8ae1b2c","0x50005"
"0x1b0","0x8ae1b48","0x40004"
"0x1b1","0x8ae1b64","0x50005"
"0x1b2","0x8ae1b80","0x40004"
"0x1b3","0x8ae1b9c","0x50005"
"0x1b4","0x869f620","0x0"
"0x1b5","0x869f620","0x0"
"0x1b6","0x869f620","0x0"
"0x1b7","0x869f620","0x0"
"0x1b8","0x8ae1bb8","0x40004"
"0x1b9","0x8ae1bd4","0x50005"
"0x1ba","0x8ae1bf0","0x40004"
"0x1bb","0x8ae1c0c","0x50005"
"0x1bc","0x8ae1c28","0x40004"
"0x1bd","0x8ae1c44","0x50005"
"0x1be","0x869f620","0x0"
"0x1bf","0x869f620","0x0"
"0x1c0","0x869f620","0x0"
"0x1c1","0x869f620","0x0"
"0x1c2","0x8ae1c60","0x40004"
"0x1c3","0x8ae1c7c","0x50005"
"0x1c4","0x8ae1c98","0x40004"
"0x1c5","0x8ae1cb4","0x50005"
"0x1c6","0x8ae1cd0","0x40004"
"0x1c7","0x8ae1cec","0x50005"
"0x1c8","0x869f620","0x0"
"0x1c9","0x869f620","0x0"
"0x1ca","0x869f620","0x0"
"0x1cb","0x869f620","0x0"
"0x1cc","0x8ae1d08","0x40004"
"0x1cd","0x8ae1d24","0x50005"
"0x1ce","0x8ae1d40","0x40004"
"0x1cf","0x8ae1d5c","0x50005"
"0x1d0","0x8ae1d78","0x40004"
"0x1d1","0x8ae1d94","0x50005"
"0x1d2","0x869f620","0x0"
"0x1d3","0x869f620","0x0"
"0x1d4","0x869f620","0x0"
"0x1d5","0x869f620","0x0"
"0x1d6","0x8ae1db0","0x40004"
"0x1d7","0x8ae1dcc","0x50005"
"0x1d8","0x8ae1de8","0x40004"
"0x1d9","0x8ae1e04","0x50005"
"0x1da","0x8ae1e20","0x40004"
"0x1db","0x8ae1e3c","0x50005"
"0x1dc","0x869f620","0x0"
"0x1dd","0x869f620","0x0"
"0x1de","0x869f620","0x0"
"0x1df","0x869f620","0x0"
"0x1e0","0x8ae1e58","0x40004"
"0x1e1","0x8ae1e74","0x50005"
"0x1e2","0x8ae1e90","0x40004"
"0x1e3","0x8ae1eac","0x50005"
"0x1e4","0x8ae1ec8","0x40004"
"0x1e5","0x8ae1ee4","0x50005"
"0x1e6","0x869f620","0x0"
"0x1e7","0x869f620","0x0"
"0x1e8","0x869f620","0x0"
"0x1e9","0x869f620","0x0"
"0x1ea","0x8ae1f00","0x40004"
"0x1eb","0x8ae1f1c","0x50005"
"0x1ec","0x8ae1f38","0x40004"
"0x1ed","0x8ae1f54","0x50005"
"0x1ee","0x8ae1f70","0x40004"
"0x1ef","0x8ae1f8c","0x50005"
"0x1f0","0x869f620","0x0"
"0x1f1","0x869f620","0x0"
"0x1f2","0x869f620","0x0"
"0x1f3","0x869f620","0x0"
"0x1f4","0x8ae1fa8","0x40004"
"0x1f5","0x8ae1fc4","0x50005"
"0x1f6","0x8ae1fe0","0x40004"
"0x1f7","0x8ae1ffc","0x50005"
"0x1f8","0x8ae2018","0x40004"
"0x1f9","0x8ae2034","0x50005"
"0x1fa","0x869f620","0x0"
"0x1fb","0x869f620","0x0"
"0x1fc","0x869f620","0x0"
"0x1fd","0x869f620","0x0"
"0x1fe","0x8ae2050","0x40004"
"0x1ff","0x8ae206c","0x50005"
"0x200","0x8ae2088","0x40004"
"0x201","0x8ae20a4","0x50005"
"0x202","0x8ae20c0","0x40004"
"0x203","0x8ae20dc","0x50005"
"0x204","0x869f620","0x0"
"0x205","0x869f620","0x0"
"0x206","0x869f620","0x0"
"0x207","0x869f620","0x0"
"0x208","0x8ae20f8","0x40004"
"0x209","0x8ae2114","0x50005"
"0x20a","0x8ae2130","0x40004"
"0x20b","0x8ae214c","0x50005"
"0x20c","0x8ae2168","0x40004"
"0x20d","0x8ae2184","0x50005"
"0x20e","0x869f620","0x0"
"0x20f","0x869f620","0x0"
"0x210","0x869f620","0x0"
"0x211","0x869f620","0x0"
"0x212","0x8ae21a0","0x40004"
"0x213","0x8ae21bc","0x50005"
"0x214","0x8ae21d8","0x40004"
"0x215","0x8ae21f4","0x50005"
"0x216","0x8ae2210","0x40004"
"0x217","0x8ae222c","0x50005"
"0x218","0x869f620","0x0"
"0x219","0x869f620","0x0"
"0x21a","0x869f620","0x0"
"0x21b","0x869f620","0x0"
"0x21c","0x8ae2248","0x40004"
"0x21d","0x8ae2264","0x50005"
"0x21e","0x8ae2280","0x40004"
"0x21f","0x8ae229c","0x50005"
"0x220","0x8ae22b8","0x40004"
"0x221","0x8ae22d4","0x50005"
"0x222","0x869f620","0x0"
"0x223","0x869f620","0x0"
"0x224","0x869f620","0x0"
"0x225","0x869f620","0x0"
"0x226","0x8ae22f0","0x40004"
"0x227","0x8ae230c","0x50005"
"0x228","0x8ae2328","0x40004"
"0x229","0x8ae2344","0x50005"
"0x22a","0x8ae2360","0x40004"
"0x22b","0x8ae237c","0x50005"
"0x22c","0x869f620","0x0"
"0x22d","0x869f620","0x0"
"0x22e","0x869f620","0x0"
"0x22f","0x869f620","0x0"
"0x230","0x8ae2398","0x40004"
"0x231","0x8ae23b4","0x50005"
"0x232","0x8ae23d0","0x40004"
"0x233","0x8ae23ec","0x50005"
"0x234","0x8ae2408","0x40004"
"0x235","0x8ae2424","0x50005"
"0x236","0x869f620","0x0"
"0x237","0x869f620","0x0"
"0x238","0x869f620","0x0"
"0x239","0x869f620","0x0"
"0x23a","0x8ae2440","0x40004"
"0x23b","0x8ae245c","0x50005"
"0x23c","0x8ae2478","0x40004"
"0x23d","0x8ae2494","0x50005"
"0x23e","0x8ae24b0","0x40004"
"0x23f","0x8ae24cc","0x50005"
"0x240","0x869f620","0x0"
"0x241","0x869f620","0x0"
"0x242","0x869f620","0x0"
"0x243","0x869f620","0x0"
"0x244","0x8ae24e8","0x40004"
"0x245","0x8ae2504","0x50005"
"0x246","0x8ae2520","0x40004"
"0x247","0x8ae253c","0x50005"
"0x248","0x8ae2558","0x40004"
"0x249","0x8ae2574","0x50005"
"0x24a","0x869f620","0x0"
"0x24b","0x869f620","0x0"
"0x24c","0x869f620","0x0"
"0x24d","0x869f620","0x0"
"0x24e","0x8ae2590","0x40004"
"0x24f","0x8ae25ac","0x50005"
"0x250","0x8ae25c8","0x40004"
"0x251","0x8ae25e4","0x50005"
"0x252","0x8ae2600","0x40004"
"0x253","0x8ae261c","0x50005"
"0x254","0x869f620","0x0"
"0x255","0x869f620","0x0"
"0x256","0x869f620","0x0"
"0x257","0x869f620","0x0"
"0x258","0x8ae2638","0x40004"
"0x259","0x8ae2654","0x50005"
"0x25a","0x8ae2670","0x40004"
"0x25b","0x8ae268c","0x50005"
"0x25c","0x8ae26a8","0x40004"
"0x25d","0x8ae26c4","0x50005"
"0x25e","0x869f620","0x0"
"0x25f","0x869f620","0x0"
"0x260","0x869f620","0x0"
"0x261","0x869f620","0x0"
"0x262","0x8ae26e0","0x40004"
"0x263","0x8ae26fc","0x50005"
"0x264","0x8ae2718","0x40004"
"0x265","0x8ae2734","0x50005"
"0x266","0x8ae2750","0x20002"
"0x267","0x8ae276c","0x20002"
"0x268","0x8ae2788","0x40004"
"0x269","0x8ae2950","0x70007"
"0x26a","0x8ae29f8","0x80008"
"0x26b","0x8ae2a40","0x60006"
"0x26c","0x8ae2a5c","0x60006"
"0x26d","0x869f620","0x0"
"0x26e","0x869f620","0x0"
"0x26f","0x869f620","0x0"
"0x270","0x869f620","0x0"
"0x271","0x869f620","0x0"
"0x272","0x869f620","0x0"
"0x273","0x869f620","0x0"
"0x274","0x869f620","0x0"
"0x275","0x869f620","0x0"
"0x276","0x869f620","0x0"
"0x277","0x869f620","0x0"
"0x278","0x869f620","0x0"
"0x279","0x869f620","0x0"
"0x27a","0x869f620","0x0"
"0x27b","0x869f620","0x0"
"0x27c","0x869f620","0x0"
"0x27d","0x869f620","0x0"
"0x27e","0x869f620","0x0"
"0x27f","0x869f620","0x0"
"0x280","0x869f620","0x0"
"0x281","0x869f620","0x0"
"0x282","0x869f620","0x0"
"0x283","0x869f620","0x0"
"0x284","0x869f620","0x0"
"0x285","0x869f620","0x0"
"0x286","0x869f620","0x0"
"0x287","0x869f620","0x0"
"0x288","0x869f620","0x0"
"0x289","0x869f620","0x0"
"0x28a","0x869f620","0x0"
"0x28b","0x869f620","0x0"
"0x28c","0x869f620","0x0"
"0x28d","0x869f620","0x0"
"0x28e","0x869f620","0x0"
"0x28f","0x869f620","0x0"
"0x290","0x869f620","0x0"
"0x291","0x869f620","0x0"
"0x292","0x869f620","0x0"
"0x293","0x869f620","0x0"
"0x294","0x869f620","0x0"
"0x295","0x869f620","0x0"
"0x296","0x869f620","0x0"
"0x297","0x869f620","0x0"
"0x298","0x869f620","0x0"
"0x299","0x869f620","0x0"
"0x29a","0x869f620","0x0"
"0x29b","0x869f620","0x0"
"0x29c","0x869f620","0x0"
"0x29d","0x869f620","0x0"
"0x29e","0x869f620","0x0"
"0x29f","0x869f620","0x0"
"0x2a0","0x869f620","0x0"
"0x2a1","0x869f620","0x0"
"0x2a2","0x869f620","0x0"
"0x2a3","0x869f620","0x0"
"0x2a4","0x869f620","0x0"
"0x2a5","0x869f620","0x0"
"0x2a6","0x869f620","0x0"
"0x2a7","0x869f620","0x0"
"0x2a8","0x869f620","0x0"
"0x2a9","0x869f620","0x0"
"0x2aa","0x869f620","0x0"
"0x2ab","0x869f620","0x0"
"0x2ac","0x869f620","0x0"
"0x2ad","0x869f620","0x0"
"0x2ae","0x869f620","0x0"
"0x2af","0x869f620","0x0"
"0x2b0","0x869f620","0x0"
"0x2b1","0x869f620","0x0"
"0x2b2","0x869f620","0x0"
"0x2b3","0x869f620","0x0"
"0x2b4","0x869f620","0x0"
"0x2b5","0x869f620","0x0"
"0x2b6","0x869f620","0x0"
"0x2b7","0x869f620","0x0"
"0x2b8","0x869f620","0x0"
"0x2b9","0x869f620","0x0"
"0x2ba","0x869f620","0x0"
"0x2bb","0x869f620","0x0"
"0x2bc","0x8ae2a78","0x60006"
"0x2bd","0x8ae2a94","0x60006"
"0x2be","0x8ae2ab0","0x60006"
"0x2bf","0x8ae2acc","0x60006"
"0x2c0","0x8ae2ae8","0x60006"
"0x2c1","0x8ae2b04","0x70007"
"0x2c2","0x8ae2b20","0x60006"
"0x2c3","0x8ae2b3c","0x60006"
"0x2c4","0x8ae2b98","0x70007"
"0x2c5","0x8ae2bb4","0x60006"
"0x2c6","0x8ae2bd0","0x60006"
"0x2c7","0x8ae2bec","0x60006"
"0x2c8","0x8ae2c08","0x60006"
"0x2c9","0x8ae2c24","0x60006"
"0x2ca","0x8ae2c40","0x60006"
"0x2cb","0x8ae2d6c","0x60006"
"0x2cc","0x8ae2d88","0x70007"
"0x2cd","0x8ae2da4","0x40004"
"0x2ce","0x8ae2dd4","0x70007"
"0x2cf","0x8ae2df4","0x60006"
"0x2d0","0x8ae2e20","0x60006"
"0x2d1","0x8ae2e40","0x60006"
"0x2d2","0x8ae2e70","0x60006"
"0x2d3","0x8ae2e94","0x60006"
"0x2d4","0x8ae2eb0","0x60006"
"0x2d5","0x8ae2ecc","0x60006"
"0x2d6","0x8ae2ee8","0x60006"
"0x2d7","0x8ae2f1c","0x60006"
"0x2d8","0x8ae2f3c","0x60006"
"0x2d9","0x8ae2f6c","0x60006"
"0x2da","0x8ae2f8c","0x60006"
"0x2db","0x8ae2fa8","0x60006"
"0x2dc","0x8ae2fc4","0x60006"
"0x2dd","0x8ae2fe0","0x70007"
"0x2de","0x8ae2ffc","0x70007"
"0x2df","0x8ae3018","0x70007"
"0x2e0","0x8ae3050","0x40004"
"0x2e1","0x8ae30ec","0x60006"
"0x2e2","0x8ae3154","0x60006"
"0x2e3","0x8ae31f8","0x60006"
"0x2e4","0x869f620","0x0"
"0x2e5","0x8ae3214","0x30003"
"0x2e6","0x8ae3248","0x20002"
"0x2e7","0x8ae327c","0x20002"
"0x2e8","0x8ae339c","0x60006"
"0x2e9","0x8ae33c0","0x60006"
"0x2ea","0x8ae33f8","0x60006"
"0x2eb","0x8ae3464","0x60006"
"0x2ec","0x8ae34cc","0x60006"
"0x2ed","0x8ae3538","0x60006"
"0x2ee","0x8ae3678","0x60006"
"0x2ef","0x8ae39a4","0x60006"
"0x2f0","0x8ae3b40","0x40004"
"0x2f1","0x8ae3cd0","0x40004"
"0x2f2","0x8ae3e6c","0x40004"
"0x2f3","0x8ae4014","0x40004"
"0x2f4","0x8ae4044","0x70007"
"0x2f5","0x8ae4060","0x40004"
"0x2f6","0x8ae4088","0x60006"
"0x2f7","0x8ae40d4","0x60006"
"0x2f8","0x8ae4114","0x60006"
"0x2f9","0x8ae4130","0x70007"
"0x2fa","0x8ae4158","0x60006"
"0x2fb","0x8ae4184","0x70007"
"0x2fc","0x8ae4184","0x50005"
"0x2fd","0x8ae4524","0x70007"
"0x2fe","0x8ae4548","0x60006"
"0x2ff","0x8ae4568","0x60006"
"0x300","0x8ae49ec","0x60006"
"0x301","0x869f620","0x0"
"0x302","0x869f620","0x0"
"0x303","0x869f620","0x0"
"0x304","0x869f620","0x0"
"0x305","0x869f620","0x0"
"0x306","0x869f620","0x0"
"0x307","0x869f620","0x0"
"0x308","0x869f620","0x0"
"0x309","0x869f620","0x0"
"0x30a","0x869f620","0x0"
"0x30b","0x869f620","0x0"
"0x30c","0x869f620","0x0"
"0x30d","0x869f620","0x0"
"0x30e","0x869f620","0x0"
"0x30f","0x869f620","0x0"
"0x310","0x869f620","0x0"
"0x311","0x869f620","0x0"
"0x312","0x869f620","0x0"
"0x313","0x869f620","0x0"
"0x314","0x869f620","0x0"
"0x315","0x869f620","0x0"
"0x316","0x869f620","0x0"
"0x317","0x869f620","0x0"
"0x318","0x869f620","0x0"
"0x319","0x869f620","0x0"
"0x31a","0x869f620","0x0"
"0x31b","0x869f620","0x0"
"0x31c","0x869f620","0x0"
"0x31d","0x869f620","0x0"
"0x31e","0x869f620","0x0"
"0x31f","0x869f620","0x0"
"0x320","0x869f620","0x0"
"0x321","0x869f620","0x0"
"0x322","0x869f620","0x0"
"0x323","0x869f620","0x0"
"0x324","0x869f620","0x0"
"0x325","0x869f620","0x0"
"0x326","0x869f620","0x0"
"0x327","0x869f620","0x0"
"0x328","0x869f620","0x0"
"0x329","0x869f620","0x0"
"0x32a","0x869f620","0x0"
"0x32b","0x869f620","0x0"
"0x32c","0x869f620","0x0"
"0x32d","0x869f620","0x0"
"0x32e","0x869f620","0x0"
"0x32f","0x869f620","0x0"
"0x330","0x869f620","0x0"
"0x331","0x869f620","0x0"
"0x332","0x869f620","0x0"
"0x333","0x869f620","0x0"
"0x334","0x869f620","0x0"
"0x335","0x869f620","0x0"
"0x336","0x869f620","0x0"
"0x337","0x869f620","0x0"
"0x338","0x869f620","0x0"
"0x339","0x869f620","0x0"
"0x33a","0x869f620","0x0"
"0x33b","0x869f620","0x0"
"0x33c","0x869f620","0x0"
"0x33d","0x869f620","0x0"
"0x33e","0x869f620","0x0"
"0x33f","0x869f620","0x0"
"0x340","0x869f620","0x0"
"0x341","0x869f620","0x0"
"0x342","0x869f620","0x0"
"0x343","0x869f620","0x0"
"0x344","0x869f620","0x0"
"0x345","0x869f620","0x0"
"0x346","0x869f620","0x0"
"0x347","0x869f620","0x0"
"0x348","0x869f620","0x0"
"0x349","0x869f620","0x0"
"0x34a","0x869f620","0x0"
"0x34b","0x869f620","0x0"
"0x34c","0x869f620","0x0"
"0x34d","0x869f620","0x0"
"0x34e","0x869f620","0x0"
"0x34f","0x869f620","0x0"
"0x350","0x869f620","0x0"
"0x351","0x869f620","0x0"
"0x352","0x869f620","0x0"
"0x353","0x869f620","0x0"
"0x354","0x869f620","0x0"
"0x355","0x869f620","0x0"
"0x356","0x869f620","0x0"
"0x357","0x869f620","0x0"
"0x358","0x869f620","0x0"
"0x359","0x869f620","0x0"
"0x35a","0x869f620","0x0"
"0x35b","0x869f620","0x0"
"0x35c","0x869f620","0x0"
"0x35d","0x869f620","0x0"
"0x35e","0x869f620","0x0"
"0x35f","0x869f620","0x0"
"0x360","0x869f620","0x0"
"0x361","0x869f620","0x0"
"0x362","0x869f620","0x0"
"0x363","0x869f620","0x0"
"0x364","0x869f620","0x0"
"0x365","0x869f620","0x0"
"0x366","0x869f620","0x0"
"0x367","0x869f620","0x0"
"0x368","0x869f620","0x0"
"0x369","0x869f620","0x0"
"0x36a","0x869f620","0x0"
"0x36b","0x869f620","0x0"
"0x36c","0x869f620","0x0"
"0x36d","0x869f620","0x0"
"0x36e","0x869f620","0x0"
"0x36f","0x869f620","0x0"
"0x370","0x869f620","0x0"
"0x371","0x869f620","0x0"
"0x372","0x869f620","0x0"
"0x373","0x869f620","0x0"
"0x374","0x869f620","0x0"
"0x375","0x869f620","0x0"
"0x376","0x869f620","0x0"
"0x377","0x869f620","0x0"
"0x378","0x869f620","0x0"
"0x379","0x869f620","0x0"
"0x37a","0x8ae4a60","0x70007"
"0x37b","0x8ae4acc","0x70007"
"0x37c","0x8ae4bbc","0x70007"
"0x37d","0x869f620","0x0"
"0x37e","0x869f620","0x0"
"0x37f","0x869f620","0x0"
"0x380","0x8ae4c08","0x30003"
"0x381","0x8ae4c5c","0x30003"
"0x382","0x869f620","0x0"
"0x383","0x869f620","0x0"
"0x384","0x869f620","0x0"
"0x385","0x8ae4c78","0x20002"
"0x386","0x8ae4c94","0x20002"
"0x387","0x8ae4cb0","0x20002"
"0x388","0x8ae4cdc","0x20002"
"0x389","0x8ae4d14","0x20002"
"0x38a","0x8ae4d4c","0x20002"
"0x38b","0x8ae4d7c","0x20002"
"0x38c","0x8ae4da0","0x30003"
"0x38d","0x8ae4e74","0x40004"
"0x38e","0x8ae4e98","0x30003"
"0x38f","0x8ae4ef0","0x30003"
"0x390","0x8ae4f24","0x30003"
"0x391","0x8ae4f5c","0x30003"
"0x392","0x8ae4f8c","0x30003"
"0x393","0x8ae5008","0x30003"
"0x394","0x8ae50ac","0x30003"
"0x395","0x8ae50c8","0x30003"
"0x396","0x8ae5114","0x30003"
"0x397","0x8ae5158","0x30003"
"0x398","0x8ae51e4","0x30003"
"0x399","0x8ae5270","0x30003"
"0x39a","0x8ae5290","0x30003"
"0x39b","0x8ae52e8","0x30003"
"0x39c","0x8ae530c","0x30003"
"0x39d","0x8ae5338","0x30003"
"0x39e","0x8ae5388","0x30003"
"0x39f","0x8ae53f4","0x30003"
"0x3a0","0x869f620","0x0"
"0x3a1","0x869f620","0x0"
"0x3a2","0x8ae54fc","0x0"
"0x3a3","0x8ae617c","0x0"
"0x3a4","0x8ae6890","0x0"
"0x3a5","0x869f620","0x0"
"0x3a6","0x8ae6efc","0x0"
"0x3a7","0x8ae75f4","0x0"
"0x3a8","0x8ae7d94","0x0"
"0x3a9","0x8ae82e4","0x0"
"0x3aa","0x8ae8b44","0x0"
"0x3ab","0x8ae914c","0x0"
"0x3ac","0x8ae9ef0","0x0"
"0x3ad","0x869f620","0x0"
"0x3ae","0x8aea42c","0x0"
"0x3af","0x8aea514","0x0"
"0x3b0","0x8aea6a0","0x0"
"0x3b1","0x8aeae7c","0x0"
"0x3b2","0x869f620","0x0"
"0x3b3","0x869f620","0x0"
"0x3b4","0x869f620","0x0"
"0x3b5","0x869f620","0x0"
"0x3b6","0x869f620","0x0"
"0x3b7","0x869f620","0x0"
"0x3b8","0x8ae82e4","0x10001"
"0x3b9","0x869f620","0x0"
"0x3ba","0x869f620","0x0"
"0x3bb","0x869f620","0x0"
"0x3bc","0x869f620","0x0"
"0x3bd","0x869f620","0x0"
"0x3be","0x869f620","0x0"
"0x3bf","0x869f620","0x0"
"0x3c0","0x869f620","0x0"
"0x3c1","0x869f620","0x0"
"0x3c2","0x869f620","0x0"
"0x3c3","0x869f620","0x0"
"0x3c4","0x869f620","0x0"
"0x3c5","0x869f620","0x0"
"0x3c6","0x869f620","0x0"
"0x3c7","0x869f620","0x0"
"0x3c8","0x869f620","0x0"
"0x3c9","0x869f620","0x0"
"0x3ca","0x869f620","0x0"
"0x3cb","0x869f620","0x0"
"0x3cc","0x869f620","0x0"
"0x3cd","0x869f620","0x0"
"0x3ce","0x869f620","0x0"
"0x3cf","0x869f620","0x0"
"0x3d0","0x869f620","0x0"
"0x3d1","0x869f620","0x0"
"0x3d2","0x869f620","0x0"
"0x3d3","0x869f620","0x0"
"0x3d4","0x869f620","0x0"
"0x3d5","0x869f620","0x0"
"0x3d6","0x869f620","0x0"
"0x3d7","0x869f620","0x0"
"0x3d8","0x869f620","0x0"
"0x3d9","0x869f620","0x0"
"0x3da","0x869f620","0x0"
"0x3db","0x869f620","0x0"
"0x3dc","0x869f620","0x0"
"0x3dd","0x869f620","0x0"
"0x3de","0x869f620","0x0"
"0x3df","0x869f620","0x0"
"0x3e0","0x869f620","0x0"
"0x3e1","0x869f620","0x0"
"0x3e2","0x869f620","0x0"
"0x3e3","0x869f620","0x0"
"0x3e4","0x869f620","0x0"
"0x3e5","0x869f620","0x0"
"0x3e6","0x869f620","0x0"
"0x3e7","0x869f620","0x0"
