"0xb78248","Name Pointer","Description Pointer","Character Number","Class (support viewer only)","Portrait","***UNKNOWN***(Always Zero)","Mini Portrait","Affinity","***UNKNOWN***","Level","Base HP","Base Strength/Magic","Base Skill","Base Speed","Base Defense","Base Resistance","Base Luck","Constitution Bonus","Sword Level","Spear Level","Axe Level","Bow Level","Staff Level","Anima Level","Light Level","Dark Level","HP Growth","Strength/Magic Growth","Skill Growth","Speed Growth","Defense Growth","Resistance Growth","Luck Growth","Palette Pointer - Unpromoted","Palette Pointer - Promoted","Custom Battle Sprite - Unpromoted","Custom Battle Sprite - Promoted","***UNKNOWN*** (Zero)","Character Ability 1","Character Ability 2","Character Ability 3","Character Ability 4","Supports Data Pointer","***UNKNOWN***","***UNKNOWN*** (Zero)","***UNKNOWN*** (Zero)","***UNKNOWN*** (Zero)"
"None","0xb42b","0xfc65","0xac","0xf7","0x2d","0x1a","0x95","24","0x74","198","21","-12","-39","-71","-69","20","88","119","204","29","241","50","20","171","54","48","69","77","-79","-97","31","94","92","0xf9","0x40","0x58","0x94","0x61","0xd7","0x34","0xd3","0x6e","0xbc226e89","0x2c","0xcc","0xb2","0x15"
"Eliwood","0xf383","0x61e1","0x16","0x70","0xc","0xe","0x75","99","0x90","121","84","-54","-75","56","-114","74","-65","-68","114","52","95","121","243","247","35","41","-2","29","-14","-12","73","2","79","0x50","0x96","0xa","0xb1","0xee","0xca","0x81","0xb0","0xe4","0xef3f1872","0x6d","0x15","0xf","0x93"
"Hector","0x621e","0x52d2","0x7e","0x54","0xbc","0xd0","0x1a","26","0x39","31","110","9","-49","92","-86","-55","-61","-108","28","243","43","184","73","236","242","165","-25","87","-40","54","-39","-40","-31","0x85","0xf1","0xb3","0x3e","0x7b","0x43","0x13","0xfe","0xf5","0x19f919a8","0x76","0xd2","0x68","0x5b"
"Lyn (tutorial)","0xfdb9","0x7bd1","0x9c","0xeb","0xf0","0x62","0x10","229","0x34","94","87","-61","-110","35","86","12","101","127","49","136","29","234","250","209","126","220","40","37","26","103","76","-73","19","0x71","0xae","0x83","0xf9","0x15","0x2a","0xf9","0xb1","0xc2","0xbac556d3","0xf7","0x52","0x98","0xd8"
"Raven","0x45e1","0x75f3","0x5d","0xcd","0x58","0xfc","0x3c","53","0x71","59","110","18","-69","14","104","10","57","97","168","25","209","212","229","109","33","63","-68","-104","95","97","-57","96","94","0xd7","0xd","0x5f","0x7b","0xa2","0xe1","0x50","0xfd","0xb","0xe45056dd","0xdf","0x9b","0x5c","0x86"
"Geitz","0x6cee","0xffb2","0xfe","0xd0","0x9b","0x71","0xf3","149","0x1f","92","-41","-43","-84","-99","-101","-27","-17","-42","90","39","21","235","23","242","195","11","69","126","50","97","87","-82","-126","0xd4","0x59","0xfe","0x95","0x2a","0x1a","0xb5","0xe9","0xfe","0x9348fb17","0xac","0x85","0x7f","0x7e"
"Guy","0x3178","0xab7f","0x53","0x91","0x8f","0x53","0xba","203","0x5b","189","-123","-101","58","-8","118","126","-45","115","169","44","57","116","126","120","209","124","93","87","51","35","88","115","-99","0xec","0x3f","0xc3","0xc3","0x9c","0xb2","0x91","0xf9","0x91","0x6bfe62f3","0x65","0x17","0xa3","0x5d"
"Karel","0x3cde","0x8cc","0xb1","0x6b","0xfa","0xaf","0x3e","73","0xc6","207","123","91","-59","-61","-92","-121","-104","-76","148","31","21","47","180","134","70","206","-121","91","-62","51","-105","106","-14","0x30","0x25","0xc7","0xfc","0xa","0x6e","0x12","0xbb","0x7c","0xb615f9e9","0x4d","0x36","0x76","0x78"
"Dorcas","0xfc61","0xcfac","0xde","0xd0","0x84","0x7f","0x3d","106","0x46","126","-122","-99","52","-38","86","110","127","-12","30","231","58","188","24","68","57","141","-41","-43","-80","-28","-120","21","67","0xd9","0x5f","0xc","0x62","0x87","0xba","0x7e","0xb4","0x1f","0xc6894a37","0x19","0xd3","0xed","0x44"
"Bartre","0xeb9c","0x7e60","0x85","0x4a","0x7e","0xac","0xf0","180","0x55","177","-18","-67","20","-82","-30","-16","-94","-7","186","174","102","44","126","158","154","184","29","55","-119","93","7","52","-123","0x9c","0x30","0xd4","0x8c","0x68","0xea","0xf2","0xb6","0x90","0xafcc5e1f","0xb0","0x63","0x30","0xaf"
"Citizen","0x86eb","0x3daf","0xd1","0x70","0xa8","0xfe","0x85","110","0x2b","40","-14","-17","77","46","67","119","54","-39","127","127","232","205","184","249","202","15","-82","-21","106","-42","-50","-51","-14","0x77","0x6b","0xad","0x93","0x8a","0xf5","0xb","0xf9","0xe1","0x993f2285","0xb0","0x2b","0x57","0x41"
"Oswin","0x2cea","0x4aff","0x15","0x8d","0xda","0x74","0xff","139","0x7d","164","73","-42","-62","63","63","-68","-104","-65","213","169","200","199","41","221","229","173","-34","-62","77","29","124","59","-65","0xe9","0xb9","0x54","0x96","0x1c","0x3a","0x3f","0xbc","0x68","0x99abaebe","0x11","0xac","0xb9","0x4e"
"Fargus","0x9ff6","0x61e1","0x4e","0xd9","0xc8","0xfc","0xc8","121","0x31","255","-75","-78","-117","-47","46","111","30","102","132","216","53","253","87","159","36","79","80","14","-124","101","26","82","-77","0xee","0x74","0x1","0xd3","0xbe","0xce","0x46","0x99","0xe7","0xcaa2f0e9","0x32","0xfb","0xba","0xce"
"Wil (tutorial)","0x19e2","0x4fbd","0xd5","0x7a","0xb1","0x9d","0xd6","141","0x80","231","-103","-117","-32","17","-81","-7","-31","-123","1","53","245","238","13","111","149","243","43","-16","-3","67","44","16","96","0xee","0x48","0xb6","0x77","0x1a","0x9b","0x78","0x12","0x30","0x28e39d9a","0x97","0x26","0xff","0xdd"
"Rebecca","0x249d","0x984f","0x86","0xd4","0xac","0x3b","0x5d","192","0xb4","175","-77","81","-26","121","58","-68","-88","-78","204","190","174","179","120","70","239","83","-75","94","108","-89","117","35","-32","0x79","0xe6","0x22","0x78","0xc4","0x6b","0x7e","0x78","0x61","0x7bbd4d40","0xc3","0x5b","0xe5","0xfc"
"Louise","0x7c0a","0x10ff","0xb","0x4","0x98","0x3b","0x92","237","0x9d","198","38","-98","4","-116","102","-25","56","-54","165","201","127","119","39","9","69","254","-3","100","47","-10","46","-122","44","0x75","0x22","0x64","0x83","0x21","0x89","0x2e","0x6f","0x62","0xc56876ef","0x29","0x1f","0x19","0x8"
"Lucius","0x7e4b","0x6e92","0xd0","0x1d","0xda","0xec","0x3e","197","0xf5","102","75","97","80","115","26","-32","121","-82","219","192","249","40","144","200","147","170","-124","69","-113","64","-11","-69","37","0x53","0x50","0x25","0x60","0x43","0xd3","0x58","0xd3","0xf8","0xc7787267","0xba","0x3f","0xb4","0x17"
"Serra","0x9bfb","0x3a75","0x5","0xd6","0xbd","0xfa","0xc0","120","0xbb","130","51","-106","-23","-40","-59","62","-35","-78","212","69","202","36","227","246","227","46","111","118","51","-101","-59","-102","50","0x2b","0x91","0x39","0x2a","0x94","0xb5","0xc","0x25","0x68","0xe995b79e","0xe6","0x50","0xb9","0xef"
"Renault","0x5814","0xeaf7","0x3","0xe3","0xe7","0x4a","0xb6","211","0xd9","204","47","-40","-7","-2","-33","48","81","-94","79","205","152","58","106","47","158","224","-61","-115","-46","-76","-1","-58","14","0x7e","0x7","0x91","0x25","0x7b","0xa9","0x14","0x6b","0x94","0x2e8f8cd","0xa6","0xbf","0xd1","0xdd"
"Erk","0x4228","0xcedf","0x98","0x94","0xc4","0x68","0xbd","252","0xf0","98","-48","-43","-105","118","49","14","25","42","149","144","31","57","136","28","213","74","19","-14","48","-45","45","70","-55","0x81","0x2a","0x1","0x1b","0x9a","0xc6","0x9a","0xc6","0x3f","0x1955d0bb","0x77","0x2a","0xbb","0x59"
"Nino","0x7bda","0x3fe8","0x2e","0xb7","0xde","0x81","0x76","49","0x92","124","79","-15","-26","-114","-29","98","-117","97","9","93","162","161","159","89","10","191","-42","-14","-61","-117","-7","91","-82","0xd9","0x7b","0x7d","0x76","0x71","0xd8","0xfc","0x8b","0x13","0xb046e838","0xee","0xd4","0x51","0xe9"
"Pent","0x6ec1","0xa17d","0xf3","0xa3","0xc2","0xef","0x90","218","0xdf","217","-5","47","-8","46","91","-35","9","15","142","91","143","185","35","158","103","225","87","106","-49","-92","-42","-113","-33","0x23","0x73","0xa0","0x4a","0x60","0x99","0x2b","0xe3","0xe4","0x6beae049","0xea","0x5f","0x86","0xd4"
"Canas","0xda36","0x622b","0xcd","0xfc","0xcb","0xea","0x3","237","0xdc","17","-31","87","-42","-35","-20","-66","19","1","38","65","231","195","173","181","247","6","31","38","-105","-95","-101","-97","64","0x42","0x51","0x8d","0xb2","0x99","0xde","0x8c","0x57","0xac","0x4a7be490","0xaa","0x63","0xee","0x88"
"Kent (tutorial)","0x2bf0","0x9eeb","0x1f","0x15","0x7e","0x87","0x36","69","0xed","178","-2","120","36","43","45","-125","-21","-88","20","199","197","22","251","42","113","231","-43","-121","23","-65","91","-66","16","0x31","0x10","0x96","0x2f","0xf2","0x9f","0xf0","0xe0","0x59","0x682fea77","0x28","0x82","0x75","0x57"
"Sain (tutorial)","0x62f8","0xfd2a","0x10","0xb","0x2b","0x71","0x1","247","0x8f","126","87","-82","26","-38","40","63","-48","3","3","254","221","76","87","89","102","95","39","-44","113","73","20","-81","-125","0x72","0xa3","0x12","0xb5","0xae","0xff","0x6e","0xea","0x5f","0x7e76d486","0xa0","0x4a","0x74","0x47"
"Lowen","0x5b50","0xe877","0xd9","0x64","0xcf","0xf7","0xe7","42","0xa0","65","-88","-5","23","35","-89","-2","34","-8","169","247","236","50","184","202","94","249","-105","-10","-29","29","-13","-120","18","0x7e","0x93","0x48","0xf1","0x10","0xe","0x16","0xff","0x68","0xebd58ae9","0xb0","0xee","0x8c","0x66"
"Marcus","0x514f","0xe0c3","0x52","0xe6","0x37","0xcb","0xfc","102","0x99","191","-14","-93","74","2","-86","7","-30","113","200","80","169","132","105","60","16","143","-92","86","-65","105","119","120","-95","0x2d","0x67","0x8d","0x3a","0xca","0xb0","0xee","0xa5","0xce","0x88b1d857","0x5f","0xaf","0x4b","0xad"
"Priscilla","0xf631","0x39c5","0xbc","0x90","0x84","0x75","0xdf","252","0xa9","247","-115","-106","-2","56","-13","-20","50","-8","72","111","56","189","25","26","41","185","-114","74","33","-43","9","-67","-42","0xf8","0x57","0x63","0x48","0x95","0x99","0x5b","0x6b","0xce","0x9276338","0x2a","0x1b","0x9a","0xc6"
"Rath (tutorial)","0xc69a","0x3b3f","0xbc","0x98","0x5f","0x61","0x5c","80","0x7e","155","90","-114","-72","34","-118","-48","55","-75","239","242","22","105","146","181","240","7","119","-105","2","-21","-50","99","105","0xca","0x5e","0xec","0xf7","0x7f","0x6c","0xec","0xf0","0xa2","0xbada823b","0x43","0xcf","0x26","0x7b"
"Florina (tutorial)","0x3fbe","0x157","0xd","0x42","0xdd","0xbf","0x18","57","0xf5","23","-63","79","-67","-25","-103","-85","-20","-40","184","134","44","117","138","23","130","181","-54","45","66","79","-97","36","42","0x1b","0x9a","0xc6","0x9a","0xc6","0x3f","0x3b","0xbc","0x98","0x505c615f","0x7e","0x9b","0x5a","0x8e"
"Fiora","0x22b8","0xd08a","0x37","0xb5","0xef","0xf2","0x16","105","0x92","181","-16","7","119","-105","2","-21","-50","99","105","202","94","236","247","127","108","236","-16","-94","59","-126","-38","-70","67","0xcf","0x26","0x7b","0xbe","0x3f","0x57","0x1","0xd","0x42","0x3918bfdd","0xf5","0x17","0xc1","0x4f"
"Farina","0xe7bd","0xab99","0xec","0xd8","0xb8","0x86","0x2c","117","0x8a","23","-126","-75","-54","45","66","79","-97","36","170","152","165","225","134","7","226","113","-56","80","-87","-124","105","-8","73","0x9f","0x5d","0x6b","0xe0","0x6d","0xd6","0xbd","0xfa","0x40","0x565dd612","0xc3","0xf6","0x46","0xb9"
"Heath","0xfb38","0x1234","0x60","0xee","0xc8","0xb8","0x7b","204","0xa5","154","-36","69","-110","-21","-39","-69","31","-25","64","59","119","228","201","75","25","191","11","-37","79","-8","26","-21","-34","0x89","0x80","0x7b","0x2b","0xce","0xb8","0xc2","0x97","0x59","0x9b8db7f7","0x30","0x9b","0xec","0x19"
"Vaida","0x9af5","0xcc1f","0x7b","0xdb","0x56","0xeb","0xa9","163","0xc2","13","92","125","124","-27","-127","-101","-38","58","163","14","165","60","13","30","212","123","-97","-22","121","110","-60","53","-25","0xbd","0xd3","0xf8","0x5e","0x1e","0x56","0xbd","0x66","0x70","0xe85e4917","0x14","0xff","0xda","0xf1"
"Hawkeye","0x3f2","0xf72d","0x63","0xf","0xf3","0xce","0x11","181","0x5b","31","-71","-91","-4","36","1","-86","-104","-91","225","134","7","226","145","212","234","119","-21","-79","-127","62","-69","-42","-64","0xdb","0xac","0x7b","0xf5","0x81","0x24","0xac","0xbb","0xac","0x728ded86","0x71","0xf6","0x69","0x24"
"Matthew","0xdcc0","0x7191","0xf7","0x98","0x4b","0x35","0xb9","139","0x24","215","-77","119","63","-50","-127","118","-18","-56","147","151","50","126","23","182","159","240","53","-42","-67","19","1","-9","86","0x9c","0x71","0x85","0x2f","0xb3","0xee","0x6f","0x1b","0x37","0x33d93661","0xea","0x35","0x3f","0x98"
"Jaffar","0xb6f7","0xd6ad","0x53","0x47","0x85","0x1b","0xb8","250","0xf8","202","3","55","-75","117","70","29","74","121","26","60","168","247","62","213","243","220","-120","107","-50","123","-89","-15","-67","0x3c","0xac","0x7a","0xcd","0xe0","0x2e","0x92","0xbc","0xd0","0xe3b5fe29","0xe5","0x7","0x5a","0xee"
"Ninian","0x1ec7","0x9de6","0x23","0x6a","0xb7","0x3e","0x72","75","0xf9","73","2","-13","-52","42","-19","-105","66","-44","26","99","223","95","184","1","230","142","112","-53","106","-40","94","86","-46","0x37","0x8e","0xdd","0xac","0x5c","0x31","0x96","0x43","0x12","0xc3565dd6","0xf6","0x46","0xc5","0x5e"
"Nils","0x81b8","0x2072","0x13","0xdf","0x14","0x50","0xfa","227","0xcc","243","60","87","102","-53","93","39","67","-58","220","17","110","193","254","255","219","25","59","-5","-27","13","100","-110","31","0x5e","0xcc","0x7b","0xdb","0x56","0xeb","0x9d","0xb1","0xb3","0xb1461fff","0x89","0x1e","0xaa","0x66"
"Athos","0xae93","0xb1f3","0xff","0xe3","0x68","0xd0","0xad","9","0xf9","225","-123","36","-50","-40","-39","-1","15","100","98","47","101","166","207","94","58","91","-100","12","100","98","16","-91","-26","0xd4","0xec","0xea","0xf4","0xf0","0x6","0xe1","0x55","0x2b","0xf2397d88","0xe","0x5f","0xba","0x50"
"Merlinus","0xbdae","0x53f3","0xd4","0x29","0xb5","0x4d","0xba","59","0x37","72","13","-79","55","-76","-34","84","19","-13","195","139","121","102","149","246","75","33","103","-1","-81","88","-5","43","-36","0xf4","0xba","0x5b","0xec","0x5d","0xde","0xc2","0xae","0x4d","0xa1972601","0xfb","0xfe","0xf","0x31"
"Nils (Final Chapter)","0x2450","0xcff4","0xf","0x2f","0x8a","0x7a","0xe1","6","0xe6","212","-20","-36","-101","-109","-115","-34","-66","-47","232","182","234","168","244","251","191","237","-46","-88","-108","-81","-48","38","13","0xfb","0x45","0x7e","0x92","0x32","0xc6","0x35","0xe7","0xf1","0x2a90c6af","0x91","0x1","0x9b","0x24"
"Uther","0xaa01","0xe207","0x71","0xc8","0x50","0xa9","0x84","47","0x3e","16","-113","-92","86","-65","105","-121","7","-26","188","89","11","225","240","98","123","146","-34","60","-106","124","-85","-44","-18","0x6d","0x75","0x18","0xff","0xb0","0x55","0x5","0xb8","0x6c","0x24234546","0xeb","0x2f","0x43","0x8"
"Vaida (Boss)","0x7a0f","0x34ff","0x16","0xf1","0xeb","0x75","0xf9","87","0x63","72","-107","-39","-34","108","71","93","-30","-22","56","188","88","230","81","237","170","215","-90","-34","38","93","-25","99","-3","0x2d","0xac","0x12","0x59","0xf7","0x2f","0x6a","0xe7","0x8e","0xdbad448","0x7b","0xcf","0x2e","0x63"
"Wallace","0x4895","0x88cd","0x26","0xee","0x32","0x6a","0x82","218","0xba","67","-45","77","-100","62","73","42","-62","-108","246","79","229","211","228","33","23","10","57","6","-62","50","125","120","-95","0xdd","0xdb","0x12","0x64","0xef","0x4d","0xe2","0x6b","0xe5","0x1983ba82","0xd2","0xba","0xd8","0xf4"
"Lyn (Not tutorial)","0x2823","0xe11c","0x98","0x1a","0xf3","0x2b","0xd0","183","0x49","215","-7","48","-16","54","-21","-98","31","94","72","194","186","211","5","76","251","70","63","83","-89","0","-67","104","-7","0xf","0x76","0xd3","0x72","0x65","0x5d","0xe9","0xde","0xad","0xd23f8835","0x4d","0xcc","0x4f","0x12"
"Wil (Not tutorial)","0xa51a","0x29eb","0xc5","0x9e","0xc4","0x56","0x3","230","0x5e","12","54","13","-75","15","-85","-60","-89","-55","211","137","136","228","64","88","86","70","-60","-98","-98","115","-21","-128","107","0x7e","0x99","0xd3","0x4d","0x74","0xcd","0xee","0xef","0x7c","0xe44478f8","0x49","0x6","0xc4","0x49"
"Kent (Not tutorial)","0x39ac","0xd1e3","0xbd","0x2d","0x73","0x94","0x58","51","0x72","198","-72","93","43","70","-99","8","-70","-119","79","147","231","125","182","109","89","153","-35","-56","9","28","-60","94","114","0xc4","0x66","0x8d","0xba","0x7c","0xfc","0xb6","0x97","0x9e","0x99b46afb","0x5d","0x2d","0x9","0x45"
"Sain (Not tutorial)","0x17bd","0xfbaf","0x34","0xcf","0xdc","0x5c","0xaa","137","0x49","118","103","60","-70","-73","-123","13","38","-115","156","177","12","29","151","100","255","137","5","37","-109","-113","-67","45","112","0xfc","0xe9","0x85","0x91","0x63","0x37","0xdb","0x53","0xa8","0x73092aa9","0xa9","0x26","0xf1","0x47"
"Florina (Not tutorial)","0x5f25","0x4224","0xca","0xbf","0x4b","0x34","0x9a","110","0x9c","177","12","43","-59","32","-48","-16","100","-80","223","184","184","58","9","222","190","129","114","40","83","111","122","101","106","0xf7","0x5b","0x1b","0x92","0x0","0x67","0xdf","0xec","0x66","0x36a9fc6e","0xda","0xe","0xb7","0xdd"
"Rath (Not tutorial)","0x6bd0","0xb1fb","0xdd","0xcc","0x4b","0x24","0xf8","194","0xa","111","-33","-32","125","-10","-108","-123","-12","80","166","222","244","151","100","47","23","81","91","-119","11","4","-2","69","-37","0x16","0xcd","0xf7","0xd9","0xe","0xbb","0x9","0x9b","0x37","0x2b6be16b","0x86","0x82","0xc0","0xc1"
"Dart","0x5f43","0x9b83","0x78","0xd2","0x7d","0xdc","0xf4","141","0x1e","246","-33","28","54","-81","-119","121","18","-34","190","129","114","40","83","111","122","101","106","-9","91","27","-110","64","-47","0x7d","0x42","0xf1","0x16","0x61","0xdf","0x9","0x7f","0xb4","0xe946fd12","0x76","0x53","0x70","0xd9"
"Isadora","0xc0eb","0x37db","0xd8","0x94","0xa6","0x5b","0x4e","55","0xd4","186","67","27","109","14","-53","-14","108","-116","164","58","216","155","21","202","181","141","58","-1","-18","103","-103","13","-42","0xa8","0x13","0xb1","0x29","0x1d","0x49","0xa4","0xec","0x6f","0x7c4404d6","0x31","0xfa","0xfd","0x25"
"Elenora","0x6006","0x2f58","0x9","0xf4","0x6c","0x2b","0x87","50","0xf5","166","87","-90","118","-65","-75","33","9","-48","179","189","41","205","99","210","48","45","-10","-18","-7","-34","62","55","117","0x65","0x9","0x4f","0x59","0x48","0x87","0xa8","0x27","0x3e","0xda88b97b","0xca","0x54","0xb1","0xf"
"Legault","0x8bfc","0x7636","0x55","0x6f","0x7a","0xf5","0x22","248","0xa7","170","-16","-26","112","-27","-86","-21","15","-71","81","142","5","67","94","241","96","159","-117","125","116","-2","-111","22","-41","0x4a","0x47","0x7d","0xe9","0x4a","0xd6","0x39","0xe3","0x47","0x13992d4a","0x34","0xb6","0xca","0x6a"
"Karla","0xfa92","0x6a61","0x46","0x34","0xd9","0xdb","0x4a","111","0xaf","51","118","45","-27","-32","-3","-112","-13","36","244","108","43","135","50","245","166","87","-90","118","-65","-75","33","9","20","0xdd","0x27","0x14","0x6f","0x11","0xf6","0x9d","0xf0","0x47","0x946fd12b","0x6e","0x37","0x5","0x97"
"Harken","0xebd","0xd9e8","0xde","0x94","0xa6","0xb","0xbb","70","0x37","212","-70","67","27","109","14","-53","-14","108","140","164","58","216","155","21","202","181","-115","58","-1","-18","103","-103","13","0xd6","0xa8","0x13","0xb1","0x29","0x8d","0x94","0xfd","0xcd","0x2f88809a","0x46","0xbf","0xbf","0xc4"
"Leila","0xc00","0x25eb","0x1","0xbb","0x64","0xad","0x2d","227","0x32","29","106","-23","-105","-103","-11","-31","9","-1","207","4","12","33","9","236","146","181","-10","-114","-67","-39","-92","-117","37","0x23","0xe7","0xe3","0xf6","0x97","0xf7","0x91","0xc0","0xbf","0x53f0e768","0xdf","0xdd","0xfd","0x2a"
"Bramimond","0xd66d","0x6c78","0x85","0x6c","0xfe","0x4d","0xfb","177","0x7b","230","119","26","-48","-126","120","-43","-105","-114","139","118","91","131","55","7","217","126","-4","-35","-44","106","-10","58","104","0xab","0xd3","0x50","0xb0","0x49","0xd7","0xf9","0xe8","0xfe","0xc2d5247a","0xa3","0xde","0x3e","0x53"
"Kishuna","0xb1f7","0xd337","0xa5","0xb5","0x6f","0xa4","0x54","55","0xce","117","-93","64","-64","48","97","-39","-115","37","1","187","100","173","45","227","50","29","106","-23","-105","-103","-11","-31","9","0xff","0xcf","0x4","0xc","0x21","0x9","0xd8","0x78","0x6b","0x7f85ab47","0xa7","0x40","0xb7","0x5c"
"Groznyi","0x91f0","0x55b2","0x80","0x18","0xe4","0xaf","0xbd","22","0x4f","217","-108","118","62","108","-14","101","27","-23","126","150","217","96","141","114","248","169","-33","-101","113","-4","-23","-123","-111","0xb9","0x54","0xd3","0xf8","0xed","0xfb","0x4b","0xc","0xc0","0xd2f87830","0x37","0xa1","0x5","0xe3"
"Wire","0xad0c","0xaeb6","0xd6","0xb2","0x60","0x9c","0xb5","200","0x66","142","-18","103","-103","117","41","-103","127","103","182","99","161","100","251","147","141","37","1","-11","57","39","-65","94","-78","0xf1","0xdb","0x67","0x99","0x8e","0x5d","0xd4","0x1","0xea","0x761cdc53","0x1d","0xd7","0x46","0xef"
"Bandit","0xecb","0xc843","0x97","0xb6","0xfb","0xa","0x7b","209","0x66","36","37","94","108","47","35","18","83","-39","31","163","248","90","31","170","212","155","-46","-32","-10","-78","64","84","36","0x17","0x96","0x8d","0x7a","0xfb","0xe6","0xdf","0x64","0x66","0x7f8167fc","0xd1","0x16","0x82","0xfb"
"Zagan","0x6597","0x4dde","0x62","0x99","0x75","0xff","0x3f","236","0x44","49","110","63","-74","-85","80","78","102","-75","175","192","221","80","25","237","199","59","-98","124","109","-92","-36","-56","-25","0x2f","0x91","0x5e","0x76","0x1f","0xf8","0x17","0xed","0x3c","0x2739f509","0xbf","0x5e","0xb2","0xf1"
"Boies","0x67db","0x8e99","0x5d","0xd4","0x1","0x8a","0xee","19","0xde","135","-54","-52","70","-17","35","94","-66","62","168","172","79","246","189","175","224","165","65","-101","-19","-12","-73","-29","98","0x8b","0x7d","0x95","0xf8","0x34","0x79","0x94","0x7b","0xeb","0xfa17425e","0xe9","0x1d","0x73","0x5f"
"Puzon","0x6df6","0x1db3","0xe3","0xcd","0x9e","0x9b","0x21","108","0x7f","91","54","-64","-19","101","97","-74","-93","-32","182","93","115","62","2","127","171","251","37","6","96","88","47","9","82","0x97","0x4c","0x5a","0x99","0xd9","0x13","0x84","0xdf","0x3e","0x346b9fb","0x10","0x6a","0xa1","0x9f"
"Bandit","0x8f26","0xf390","0x90","0x7e","0xdc","0xc2","0x2d","167","0xf7","175","80","-16","-62","31","56","-40","-24","125","36","240","47","218","74","169","75","38","-99","65","39","115","-26","-8","-34","0x1c","0xde","0xcc","0xde","0xb7","0xfd","0x5c","0x5b","0xcf","0x7282e3fa","0xec","0x3a","0xe9","0x8f"
"Santals","0x6f2e","0xb376","0x55","0x25","0x76","0x22","0xa8","191","0xf1","239","20","15","-109","102","88","-9","82","-25","43","236","88","40","217","254","36","249","-31","-22","77","-73","31","-117","-67","0xbd","0xb9","0xec","0x26","0x47","0x94","0xae","0x4e","0x2","0x5a4c9752","0x99","0xd9","0x13","0x84"
"Nergal","0x3edf","0xb9fb","0x46","0x3","0xe0","0x77","0x84","223","0xdc","62","98","-23","125","-88","-52","-4","-61","-84","237","154","221","100","26","33","117","201","-92","51","-24","100","-50","-36","-7","0x30","0x95","0x1f","0xce","0x87","0x70","0x4","0xbe","0x37","0x565fcd87","0x23","0xa9","0x37","0xdc"
"Erik","0x4b7a","0x47f1","0xf7","0x47","0xa6","0xe4","0xb7","94","0x12","110","-88","72","-58","-65","68","-73","-59","-70","250","252","171","183","148","3","122","98","-121","-108","19","86","-96","84","20","0x42","0x21","0x76","0xcd","0x80","0x55","0x7a","0x1f","0x49","0xdc12cae9","0x50","0xd1","0x8e","0xfa"
"Sealen","0x544b","0x7ce0","0x64","0xf4","0x90","0xac","0x87","202","0x4e","119","-77","6","-18","-67","117","-81","-67","-49","100","104","225","118","200","82","231","207","125","-85","-36","-96","14","-122","5","0x6b","0x2f","0x46","0x4d","0xa2","0x65","0x64","0xcb","0xc6","0x3d68749b","0x58","0x71","0x7c","0x2f"
"Bauker","0xbdb1","0xdd29","0xd4","0x6a","0xf6","0x5e","0x97","83","0xc4","100","99","73","110","-88","72","-58","-65","68","183","197","186","250","252","171","183","148","3","-21","-110","126","-93","116","-69","0x29","0xb8","0xec","0x75","0x22","0x55","0x73","0x21","0xdb","0x10fe86ea","0x83","0x1d","0xd2","0x2f"
"Bernard","0x9ff7","0x8a89","0xe4","0x3a","0xa9","0x46","0xa5","65","0xcd","71","-122","-99","49","-72","111","93","-17","10","213","34","53","110","218","112","214","253","17","-101","11","-37","94","-31","75","0x1b","0x78","0x7b","0x96","0x12","0x28","0x8a","0xf7","0xed","0x3ca5bd5f","0x4f","0x2","0x8a","0xf2"
"Damian","0x3985","0x50e3","0xf9","0x1a","0xb5","0x58","0xe2","223","0x94","117","-128","-82","50","-13","-46","-64","-59","-48","230","82","77","110","168","104","135","23","-81","-21","10","43","21","101","112","0x23","0x85","0x8d","0x15","0xaf","0x84","0xaf","0x71","0xc8","0x5b729991","0x5d","0x65","0x36","0x64"
"Zoldam","0x33a1","0x490b","0x2c","0x94","0x6c","0x7f","0x72","116","0x38","107","47","-1","27","-113","102","101","-86","-35","140","35","191","135","151","12","194","151","30","-65","-49","82","45","9","-25","0x23","0xa5","0x2f","0xe5","0x11","0x91","0xc3","0xc6","0xa6","0x3a1da0b4","0x83","0x4e","0x66","0xc3"
"Uhai","0xf7f4","0x30e6","0x75","0xff","0xbb","0x95","0x24","138","0xf2","133","57","-29","80","-7","26","-75","88","-30","223","148","117","0","191","35","252","86","-16","-78","-43","98","41","-68","106","0x5","0xbb","0x59","0x3b","0x5a","0x2d","0xfc","0xd","0x42","0x3c6d0851","0x9a","0x59","0xdd","0x8d"
"Aion","0x9731","0xea6a","0xfe","0x7a","0x49","0xf5","0x41","84","0x8a","61","61","-25","-18","-101","34","59","9","32","16","156","177","235","139","41","218","197","-112","-101","112","55","-19","-83","90","0x7a","0x9a","0x3c","0x42","0x28","0x3c","0xd1","0xf","0xe7","0xda2ff023","0xca","0xfa","0x20","0xa"
"Darin","0xdc18","0xac1","0xcf","0x9d","0x33","0xf","0xb8","30","0xc8","116","-114","-33","-58","-101","-46","25","116","50","27","166","191","35","37","197","0","43","-97","-58","-34","-52","75","-125","54","0xdb","0xe9","0x6f","0xf3","0x1a","0x21","0xe9","0xe","0xb5","0x2129fa16","0x1b","0x4","0xdf","0x8a"
"Cameron","0xdc61","0x1c7c","0x38","0x4f","0x2","0xf5","0x41","84","0x8a","61","61","-25","-18","-101","34","59","9","-64","134","160","53","90","162","194","206","72","59","90","33","-65","-113","-104","92","0x86","0x2e","0x7c","0xe9","0x46","0x1b","0x8f","0x66","0xc6","0xec677655","0x9a","0x7d","0xe3","0xa9"
"Oleg","0x93c8","0x9644","0x31","0x6e","0x4d","0x67","0xcc","225","0xc3","197","-58","65","-59","-83","111","23","82","-128","200","50","198","143","170","211","195","27","-8","119","-70","-70","-26","-116","-61","0xdb","0xfa","0x4d","0xc1","0x65","0xaf","0x3","0x5f","0xda","0x16a4c66e","0x45","0x29","0xcf","0x59"
"Eubans","0x5ca1","0x43bb","0xdd","0x18","0xe1","0x90","0xf3","36","0x44","150","49","110","77","103","-52","-31","-61","-59","198","65","197","173","111","23","82","64","-58","-70","91","-38","-37","-51","-38","0xd1","0x6a","0xe1","0xaf","0x24","0xb2","0x8c","0xf1","0xa3","0x934ffe29","0x7","0xf5","0x97","0xa8"
"Ursula","0xf9c0","0xfc08","0xad","0xee","0x97","0x18","0x80","97","0x3d","146","122","117","122","120","3","127","108","-80","182","236","81","34","10","191","137","93","121","-101","108","-95","78","-20","-66","0xf4","0x30","0xdd","0x72","0xa4","0xec","0x77","0x14","0x6b","0x768b49e7","0xa7","0x52","0xec","0xbb"
"Black Fang","0x5b73","0xfcd3","0x25","0xff","0x5e","0x2a","0x4e","57","0xd","192","-94","-35","-39","-119","-40","28","22","12","11","183","222","20","109","202","7","239","-4","-90","23","-69","-14","105","-24","0xfe","0xd4","0x7f","0xfe","0x12","0xe9","0x65","0xf7","0x81","0x74eed17f","0x75","0xad","0x13","0xfe"
"Paul","0xb229","0xacbf","0x86","0xd","0xea","0x2f","0xe6","23","0xec","220","-114","-117","45","-122","37","103","76","-22","11","43","202","221","214","218","143","237","102","122","15","54","-105","125","-15","0x52","0xbb","0x53","0x90","0xfd","0x53","0xc6","0x85","0x3c","0xa7768b09","0x52","0xec","0xbb","0x73"
"Jasmine","0xd35b","0x25fc","0xff","0x5e","0x2a","0x4e","0x39","13","0xc0","162","-35","41","-12","62","84","102","-2","97","54","217","243","253","235","21","47","4","-99","-67","-14","48","118","-11","-15","0xfd","0x39","0xfe","0xf4","0xc2","0xf9","0x8","0xfc","0x8b","0x5354b9b6","0xf7","0xd7","0xc3","0xbc"
"Black Fang","0x6db7","0x7eb5","0xb3","0xf7","0xa5","0xed","0x66","131","0xdd","214","-108","-117","126","-40","103","16","-70","63","245","98","63","247","86","183","211","213","-75","-107","-110","27","-35","81","-30","0xa3","0xdb","0xdf","0x98","0x3c","0x9","0x7e","0xb7","0xb5","0xbf62952f","0xf8","0x7f","0x7a","0xd1"
"Jerme (Morph)","0xac7e","0x5e08","0x5","0xfc","0x6e","0x6b","0x5f","10","0x9e","72","-50","-1","125","36","-16","47","-38","-31","107","29","103","142","117","154","120","98","44","-85","-31","73","54","58","93","0x5d","0xcb","0xd0","0x6a","0x57","0xd6","0xbd","0x24","0x68","0x7733f5dc","0x2","0x7","0xdf","0xf2"
"Pascal","0x9bf1","0x8e4","0x5b","0x36","0x36","0xa5","0x5","237","0xd0","77","1","71","82","-10","-63","-15","-89","23","237","199","171","196","206","230","100","177","44","114","35","106","45","-12","83","0x42","0xce","0x93","0x7e","0xb7","0xb5","0x2f","0x95","0x62","0x7a7ff8bf","0xd1","0x7e","0xac","0x8"
"Kenneth","0x55e","0xcaba","0xac","0x1d","0xad","0x16","0xfe","239","0x23","94","-66","62","88","-71","-22","-106","19","-122","154","145","84","71","151","55","191","219","-38","-105","74","95","122","-36","-76","0xe1","0xac","0xfb","0x23","0x36","0x17","0xb6","0xbd","0xe6","0x957b9c49","0xb2","0x8e","0x33","0xfe"
"Jerme","0x312","0x8c30","0x6c","0x2c","0x43","0x17","0x8b","11","0x70","246","-115","115","-81","82","-42","121","-102","60","66","2","142","27","77","181","253","141","2","48","-47","57","-77","-101","-103","0xb8","0xdb","0x10","0xe1","0xf0","0xb5","0xa6","0xe0","0xb2","0x53ea48d5","0xd8","0xc0","0xe7","0xa9"
"Maxime","0x416d","0xc954","0x34","0x7d","0xee","0xb8","0x46","58","0xc5","188","38","-114","126","-34","28","-122","84","36","212","72","234","37","155","48","243","141","-90","100","-34","127","-106","-107","-95","0xd5","0x21","0x37","0x6","0x51","0xef","0xfd","0x5f","0x6e","0xa5159b94","0xb0","0x29","0xa4","0x6b"
"Sonia","0x38fd","0x4e83","0xe6","0xcc","0xf3","0x24","0x9c","123","0x95","178","-114","51","-2","18","3","48","-116","108","44","67","23","139","11","172","75","250","-115","-46","-19","-90","-32","-78","-41","0x9","0x95","0xbe","0xe4","0xd0","0x19","0xa2","0x18","0x7e","0x7e30af9b","0x9f","0x6d","0xfc","0x76"
"Teodor","0xb873","0x8b72","0x5","0x5b","0xf5","0x29","0xa","178","0xd7","65","-3","-115","-29","-33","-14","102","95","120","162","31","179","239","205","97","193","28","92","-41","-127","-51","50","-86","9","0x91","0x7e","0x59","0x2d","0x9","0x3","0x61","0x51","0x8a","0xad0c233d","0x38","0xe5","0x34","0x0"
"Georg","0x6103","0x8d21","0xda","0x9a","0x75","0x7f","0xe4","219","0xf5","102","72","-86","-12","118","95","-127","35","-65","135","151","108","217","168","44","57","243","-107","17","-114","63","-67","104","123","0xb","0x62","0xd5","0x8d","0xba","0xe7","0xf9","0xb4","0x4","0xf756dca1","0x47","0xa","0x8c","0x4a"
"Kaim","0x7d99","0xfea3","0x51","0xe2","0x25","0x2c","0x8e","178","0xa2","228","102","8","-69","-3","-72","-67","89","-37","140","138","6","98","80","48","54","167","102","79","-23","-19","42","76","-55","0x6f","0xbd","0x24","0x3","0x61","0x51","0x8a","0x3d","0x23","0xe538ad0c","0x34","0x0","0x3","0x61"
"Merc","0x2ca9","0xf339","0x95","0x11","0x8e","0x3f","0xbd","104","0x7b","11","98","-43","-115","-70","-25","-7","-76","4","161","220","249","240","210","160","205","246","102","13","28","-7","61","-68","100","0xab","0xfb","0x23","0x5","0x46","0xa5","0xcc","0xbe","0x5","0x530f14bf","0x2c","0xdb","0xde","0x5d"
"Denning","0xd868","0xdfa0","0x75","0xe2","0xac","0xbd","0x59","219","0x8c","138","-58","-39","-5","111","-48","-81","122","69","74","63","126","155","146","223","122","73","-35","31","-68","51","-114","84","-91","0x78","0xd","0x4d","0x10","0x7e","0xe3","0x2a","0x7b","0xa4","0x400018a4","0xf7","0x47","0xf8","0x1e"
"Bern","0xd865","0xad9a","0x12","0x37","0x6b","0xc5","0x5d","68","0xd8","44","-42","32","-3","52","-119","-47","-18","71","12","175","76","13","252","173","238","151","24","-128","97","61","117","30","81","0xc3","0xf8","0xcd","0xde","0xba","0x97","0x5c","0x27","0xd7","0x5d2d7a79","0xe5","0x97","0xfb","0x19"
"Morph","0x6d5a","0xad5d","0x65","0xf8","0xd2","0x7c","0x8f","138","0x7d","197","-8","-8","-20","-116","43","16","15","95","163","250","166","128","186","132","55","107","59","-29","47","49","0","-61","-120","0x62","0xf1","0xf6","0x57","0x27","0x1","0xa1","0xe6","0xaa","0xdc24a93b","0xe8","0xc3","0x13","0xd8"
"Lloyd (1)","0x7650","0x647f","0xee","0x8","0xb7","0x20","0x20","13","0xb0","155","-48","-7","-10","-58","14","-69","87","-70","168","55","177","159","123","171","155","203","97","-54","-83","-63","-60","-39","6","0xfd","0x70","0x86","0x1f","0x7f","0xe4","0x6e","0xb1","0xe4","0xd7b3378c","0xc1","0xe7","0xcd","0x1a"
"Linus (1)","0x2eeb","0xc52a","0x9e","0x6b","0x7e","0x99","0xaf","76","0xa5","231","92","-75","36","79","45","127","-104","-80","118","88","247","37","186","101","169","187","50","85","98","107","6","-56","49","0x88","0x27","0x5f","0x2b","0x66","0xd5","0x9b","0xae","0x99","0xdef9354b","0xbd","0xbe","0xe6","0xb6"
"Lloyd (2)","0x7501","0xb078","0x9b","0x3c","0x9","0xdd","0x1f","124","0xc7","60","-39","98","45","-68","106","5","-79","-89","231","220","94","230","252","50","207","49","-120","39","95","43","102","-43","-101","0xae","0x99","0x4b","0x35","0xf9","0xde","0xbd","0xbe","0xe6","0x787501b6","0xb0","0x9b","0x3c","0x9"
"Linus (2)","0x8636","0x535e","0xee","0xf0","0xd0","0x7f","0xcc","39","0x55","255","-7","87","111","41","-49","-95","81","-89","88","104","104","130","240","219","42","177","51","50","-121","94","-47","-8","-2","0x26","0xd1","0xd2","0x7c","0xbd","0x24","0x8a","0x40","0x5f","0x7aabbd38","0xd3","0xb3","0x55","0xa2"
"Bandit","0x2fc0","0xcd35","0xdf","0xd6","0xdf","0x5a","0x68","144","0x43","199","107","-109","-66","47","116","-70","-53","91","119","3","134","85","54","164","251","41","74","61","110","65","-73","38","-28","0x49","0x83","0x18","0xb2","0xec","0x5e","0xe3","0xad","0x91","0xf49fd76f","0x7f","0x50","0x68","0x76"
"Bandit","0x429f","0xe5fa","0x7e","0x6f","0xb","0xdc","0xfb","178","0x46","138","7","-115","-100","15","-79","-97","-5","-78","255","156","181","151","67","66","231","73","-115","63","97","-39","-93","-109","-21","0x17","0xd2","0x75","0x2b","0xd2","0x5c","0x61","0x47","0x46","0x4d52e646","0x94","0x72","0xe0","0x1c"
"Bandit","0x1f81","0xba09","0x35","0x21","0xbc","0x6a","0x85","29","0xe4","110","125","-95","-13","36","54","126","74","61","58","185","126","33","189","171","122","211","-85","35","-27","-105","-102","-26","111","0x8d","0x4a","0xcc","0xbc","0xe","0xee","0x15","0xa3","0x2b","0x33766613","0xbd","0xd6","0xa8","0xad"
"Laus","0x71fb","0xefff","0x4b","0x77","0x37","0x20","0xb1","36","0x8c","28","122","-56","-70","90","-11","-94","-111","-62","149","169","245","187","212","136","84","189","105","-22","-108","-118","-25","-24","-86","0xbb","0xb5","0x58","0xeb","0x4","0x22","0x43","0xf7","0x3a","0x757f761f","0xff","0xf6","0x1e","0x6d"
"Laus","0x9e57","0xcb58","0x93","0xf5","0xf9","0xa2","0x91","194","0x95","169","-11","-69","-44","72","-32","118","107","38","6","59","27","118","94","127","88","141","-64","-53","108","-7","-50","41","-26","0x28","0xbd","0x32","0xef","0x44","0xb8","0xfa","0xf8","0xfe","0x93884d0d","0x4","0xee","0x38","0xc9"
"Pirate","0x3bfc","0xe111","0x6b","0x4f","0x34","0xe4","0x8f","233","0xb","43","-76","-59","31","-47","-14","-1","10","-37","126","211","41","67","138","223","54","241","-92","-6","70","-105","-113","-33","22","0x2f","0xb5","0x3b","0xf3","0x24","0x25","0xff","0xd9","0x7f","0x817d1bb0","0x9b","0xe4","0x6a","0x21"
"Black Fang","0x5de1","0xc242","0xec","0xa","0xb6","0x74","0xbc","194","0x64","201","86","27","41","87","-119","2","-65","-44","52","127","179","41","117","233","15","51","125","-10","-55","123","68","-98","4","0xee","0x8a","0xcc","0x72","0xd5","0xb","0x72","0x4b","0x95","0xbfdcd627","0xf4","0x37","0xbb","0x4f"
"Black Fang","0x2ac1","0xe12b","0xea","0x4d","0xb7","0x1f","0x17","66","0x34","165","89","-69","114","-104","-73","70","37","102","238","159","39","1","138","64","95","56","93","110","-61","-3","25","19","-21","0xfa","0xfa","0x5d","0x6a","0x24","0x70","0xbb","0x35","0xe3","0x19f40557","0xfc","0x6d","0x75","0x95"
"Ostia","0xd409","0xfdd6","0xb8","0x1f","0xe7","0x4b","0x7c","45","0x75","202","-112","-62","25","73","122","-32","90","-107","22","70","184","202","238","140","121","72","11","-5","65","-22","-85","82","-114","0xb8","0xa2","0x55","0xca","0x19","0x7e","0x9b","0x74","0x5b","0xe3abaab0","0x4e","0xcd","0xb0","0x24"
"Black Fang","0x38e0","0xff67","0x3c","0x9","0x44","0x72","0x9a","61","0x98","123","55","-115","-34","71","124","115","-20","40","167","241","80","201","207","197","74","233","-81","-80","-2","-83","108","72","-9","0x53","0x66","0xea","0xfe","0xb7","0xfd","0xa6","0xa3","0x58","0xa51cd6fb","0x57","0xe6","0x79","0x12"
"Guardian","0x94cb","0xd2ab","0xca","0x54","0xb1","0x8f","0xba","173","0x8d","112","-51","47","115","91","83","-28","-87","117","211","109","184","87","56","69","75","33","52","-55","-72","-42","24","-127","-43","0x5","0x72","0x52","0x8d","0x3e","0xf9","0x97","0xe3","0x24","0x42681201","0xf7","0x76","0x8a","0x85"
"Morph","0x2686","0x2b08","0xe4","0xd1","0xdd","0x56","0x29","127","0x1d","93","-68","-44","-70","85","-96","77","-67","55","224","55","226","229","235","131","121","18","-18","-118","-52","114","-43","11","114","0x4b","0x95","0x5b","0xa8","0x93","0x70","0x6d","0xc6","0x91","0x1bfa619f","0xd","0x4d","0xf8","0xdf"
"Morph","0xe338","0xf54d","0x9a","0x52","0xa4","0xf3","0x24","131","0x28","119","91","91","-103","-6","-94","-47","-101","84","82","8","149","211","120","168","132","95","41","-28","-54","19","107","-116","98","0x57","0xf7","0xbf","0x15","0xb2","0xc0","0xde","0xa3","0xd2","0x4f3f17e6","0x2","0xd6","0xeb","0x60"
"Morph","0xf5ad","0x98cd","0x58","0xd7","0xd7","0x5b","0x9a","181","0xbb","43","67","29","-24","51","-8","-37","10","-68","204","150","239","156","98","142","210","43","-13","-107","-73","-96","91","19","-14","0x24","0x3b","0xc9","0xea","0xda","0x8c","0x89","0x75","0xfd","0xf5f4a43c","0x96","0x8f","0x67","0xfa"
"Caelin","0xfe0c","0x239","0x2f","0xb3","0xe5","0x3b","0xa7","152","0xa3","244","-54","124","-27","45","-24","-42","-124","60","9","67","153","122","211","51","38","31","-11","38","-99","-79","-32","17","-2","0x2b","0x23","0xbb","0x29","0x36","0x58","0xe","0xbf","0xae","0xac51d4ba","0x7d","0x4b","0x9d","0x52"
"Caelin","0x5b71","0x7e3a","0xd3","0x51","0xac","0x7d","0xdb","52","0x71","117","18","67","-103","122","-45","51","38","31","15","209","117","198","130","71","248","135","87","-83","-96","-50","110","-7","-15","0x49","0x60","0xb2","0x9","0xb6","0xf4","0x2c","0xd2","0x43","0x5dd26cd5","0x29","0xb9","0xd1","0xef"
"Caelin","0x89a6","0x5f33","0xba","0x9c","0xc6","0x43","0xa5","36","0x45","125","67","-122","-73","43","83","-11","-39","23","74","182","63","57","90","183","34","205","21","-26","-88","88","119","-117","-26","0x7d","0x44","0x9f","0xbd","0xa1","0x17","0x55","0x5a","0x99","0x83ebe5ea","0x79","0x12","0x83","0x18"
"Laus","0xecb2","0xde9e","0x93","0x8d","0xd2","0xdf","0x4d","193","0x65","103","-106","-62","-73","70","-26","-55","22","107","171","81","212","223","86","93","242","255","127","-18","-68","-122","-85","55","93","0x5b","0x9d","0x4","0x83","0x18","0xb2","0xec","0xbe","0x10","0xa6a3425a","0xd1","0xd","0x16","0xf3"
"Laus","0x98cd","0x747c","0xa1","0xd7","0x57","0x10","0xbb","242","0xa6","215","54","-123","-50","-60","-55","116","-71","-37","90","251","241","246","237","211","137","102","117","18","-125","24","-78","-20","94","0xe3","0xad","0x91","0x6f","0x67","0x1c","0xde","0xf6","0xff","0x9c9bbc73","0x8d","0x79","0x35","0xea"
"Zephiel","0x45f3","0x495","0x52","0xa","0xe9","0x72","0x1a","175","0xab","239","-50","-122","-99","-41","31","86","39","1","131","24","178","236","158","251","118","162","-47","-50","122","-115","44","94","106","0xdd","0xf4","0x6e","0x8a","0x85","0xf8","0x15","0x76","0x55","0xa4757a6f","0xfc","0x52","0x8b","0xeb"
"Elbert","0x3776","0xda60","0x97","0x2e","0xa7","0xf1","0xba","42","0xc","118","-21","11","-99","39","1","-125","24","-78","236","94","227","173","145","111","199","125","-118","-84","-111","-30","65","35","-25","0x43","0xac","0x83","0x27","0x5f","0x23","0x46","0x60","0x75","0x7d549c81","0x77","0x3","0xa6","0x7d"
"Black Fang","0x47e9","0xb6bc","0x1f","0xdf","0x56","0xb5","0xb6","58","0x9","131","24","-78","-20","-66","-53","-101","104","93","207","228","131","97","203","249","104","104","66","-100","72","113","-68","121","-36","0xc6","0xfa","0xf4","0xdd","0xb6","0x67","0x6b","0x9d","0x7f","0xf523d64a","0x88","0x57","0xa3","0xf7"
"Black Fang","0x4791","0xb6bc","0x1f","0x4b","0x35","0x71","0x75","18","0x83","24","-78","-20","94","-29","-83","-111","-17","-114","75","226","11","157","46","199","105","181","-11","-57","-93","-85","94","84","-127","0x72","0x1a","0xaf","0x2b","0x5f","0x7a","0xee","0xc8","0xdc","0x56ab468a","0x29","0x4f","0x2","0x83"
"Black Fang","0xb218","0x5eec","0xe3","0xad","0x91","0x6f","0xea","141","0xdf","154","-35","111","-2","-44","7","-35","-74","-115","176","207","48","65","248","193","201","253","56","-95","-6","-63","-54","-84","-100","0xc6","0xeb","0xaa","0xcb","0xdb","0xe7","0x12","0x33","0x57","0x1883024b","0xb2","0xec","0x3e","0xca"
"Morph","0xa30f","0x51a6","0x2f","0x5f","0x1f","0xe4","0x8f","39","0x1b","25","-90","-7","-54","85","41","-121","30","-72","86","44","123","242","182","198","75","202","-55","-86","-69","112","82","77","91","0xe3","0x25","0xf3","0x64","0x8b","0xb5","0xd5","0x49","0x83","0xbeecb218","0xd2","0xc8","0xf6","0x3e"
"Morph","0xce92","0xaf9a","0x53","0xb2","0xb1","0x42","0x5b","203","0x18","186","-6","80","110","99","107","18","-69","-14","182","120","169","217","87","137","206","184","105","98","-98","4","-125","24","-78","0xec","0x3e","0xca","0xf","0xa3","0xa6","0xd1","0x14","0xe9","0x1fb8a31b","0x9e","0xc0","0x46","0x8e"
"Morph","0x358a","0xebf4","0xfe","0xff","0x73","0x89","0x99","75","0xd8","251","-46","-115","74","-52","92","-62","126","-15","82","187","51","79","2","131","24","178","-20","62","-54","15","-93","-90","-47","0x1b","0x5","0xce","0x43","0x14","0x8","0x1e","0xf1","0x6a","0xcb767504","0x8f","0xc","0x1b","0xd6"
"Morph","0x8756","0x85ea","0xc4","0xcc","0x64","0xc9","0x56","27","0x99","39","91","-84","-27","73","-125","32","28","-55","211","76","172","235","235","217","222","148","110","10","56","82","-65","75","-65","0xac","0xb8","0x11","0xbe","0x65","0x27","0x77","0xf5","0x9f","0x26233bb5","0xee","0xa6","0x1f","0xbe"
"Black Fang","0x7956","0x2d62","0x4f","0x2","0x44","0xde","0xd6","102","0x9f","157","113","-36","-87","25","-106","58","-47","-84","150","169","117","41","180","32","246","139","-105","-102","-3","59","-18","-44","-20","0x3b","0xba","0xf4","0xed","0x5b","0xdf","0xb2","0x1b","0x4b","0x62e88302","0xdb","0xb5","0x10","0x64"
"Brendan","0x29ee","0x63f5","0x65","0xea","0xb8","0x50","0xcc","231","0xf8","45","-59","-124","103","98","31","-46","18","-121","158","125","166","78","169","120","158","4","-4","-47","54","119","104","-69","83","0x2c","0x34","0x34","0x41","0x58","0xa1","0xd9","0x7d","0xa7","0x84aa73b0","0xa8","0xaf","0x0","0x8b"
"Limstella","0x5a97","0x1d37","0x74","0xcd","0x6e","0xf2","0xbf","109","0xe","214","-14","36","122","-28","-75","41","-5","46","203","235","89","249","65","97","101","235","82","104","-75","31","-13","-127","-66","0x1e","0x3","0xdb","0x9d","0x40","0x64","0x18","0xe2","0x6f","0xeff3516b","0x8","0x76","0x9b","0x7c"
"Dragon","0x311f","0xcb9","0xdd","0x3c","0x9","0x83","0x18","178","0xec","190","-112","18","40","70","43","37","55","-38","229","77","180","174","103","242","177","183","-123","114","-73","53","-93","-50","-85","0x53","0xac","0xf4","0x5f","0x99","0x5a","0x4e","0xe3","0x75","0xb3eb4be5","0xdf","0xfe","0xe4","0x9f"
"Batta","0x127","0x5883","0x28","0xd9","0x5e","0x3","0xb3","123","0xc7","69","-26","122","69","51","35","94","-62","-52","87","5","66","140","54","131","191","173","-64","-53","108","57","-113","-91","41","0xfb","0xb6","0x6b","0x76","0x93","0xe3","0x24","0x1","0x8b","0x4ff3a8dc","0x2","0xeb","0x92","0x7e"
"Bandit","0x74a3","0x9230","0x49","0x39","0x76","0xdf","0xd5","174","0xd9","55","-98","-118","60","9","6","-95","-18","-65","80","174","109","180","115","131","212","206","-104","71","68","-98","4","73","79","0x2d","0x7f","0x98","0xf4","0x93","0x7a","0x28","0x53","0x6f","0xf76a657a","0x5b","0x1b","0x92","0x49"
"Zugu","0x2d4f","0x987f","0x74","0x88","0x5d","0x33","0x60","163","0xb4","221","-52","102","-79","6","105","103","76","-99","204","140","255","236","179","76","199","46","-44","-48","85","102","-125","89","93","0x2b","0x1d","0xf5","0xa5","0xed","0x66","0x5e","0x13","0xf5","0x436c9069","0x5f","0x68","0x2a","0x89"
"Bandit","0xaede","0xdd82","0x57","0xb0","0x59","0xac","0x9","241","0xc8","140","-2","-5","-120","62","123","-28","-2","121","18","54","134","94","27","202","105","198","126","77","127","101","106","70","15","0x9","0xc9","0x24","0x36","0x86","0x5e","0x13","0x64","0x24","0xe6d191b4","0x30","0xdc","0xb8","0x7c"
"Bandit","0x26fc","0x8ced","0xa9","0x93","0x99","0xf1","0xff","10","0x9f","127","-11","-106","114","91","93","101","70","105","196","74","92","128","171","31","34","54","-48","-48","-26","82","77","79","45","0x7f","0x98","0x2a","0x50","0x28","0xd7","0x36","0x12","0x70","0x125329bc","0x36","0x86","0x5e","0xcb"
"Bandit","0x93a0","0x30d9","0xfd","0xfd","0xab","0xb7","0x94","195","0x97","230","-98","-69","-80","89","-93","78","102","-58","127","53","186","202","140","210","136","149","-87","92","-3","16","-79","-127","-122","0xc6","0x2a","0x91","0x43","0x86","0x4a","0x25","0x64","0xf8","0x15619f91","0xd0","0x59","0x7b","0xca"
"Glass","0xe8eb","0xd56d","0xa5","0x3c","0x9","0xdd","0x1f","121","0x52","47","35","-43","-89","100","-9","-83","76","-91","231","220","58","73","221","31","217","231","-8","82","56","29","-8","23","109","0x21","0x3c","0x44","0xd7","0xf9","0xc8","0xe8","0x21","0x3b","0x13c2e97c","0xfd","0x30","0xc2","0xb7"
"Migal","0xae33","0xb92c","0x3d","0xfb","0xbc","0x59","0x6b","146","0x41","204","-31","-89","-2","-77","-16","-120","-40","-10","219","240","155","141","96","244","6","98","-65","-37","32","117","87","-90","6","0xfe","0x45","0x3b","0x4f","0x2","0x44","0x96","0xec","0xe5","0x3eb32e50","0x3c","0xe1","0xff","0x59"
"Bandit","0x63a6","0x7517","0x92","0x44","0x96","0xec","0x65","6","0x9d","204","-122","-23","111","-103","-114","93","-44","-63","42","145","67","134","74","37","116","34","-108","-46","-50","24","99","18","43","0x53","0xc5","0x7e","0x57","0xf5","0xa6","0x67","0x9f","0x21","0x280335b1","0x1b","0x91","0x9b","0x2b"
"Bandit","0xb69c","0x319b","0x94","0x88","0x6f","0xc7","0x45","187","0xfd","216","67","-1","113","40","7","-55","11","-85","147","15","108","27","121","82","235","129","95","-2","15","101","-22","77","39","0x1","0xf","0x6c","0x1b","0x29","0x70","0x2d","0xc5","0x88","0xfaf4937f","0xa","0xd2","0xce","0x98"
"Bandit","0xdd6a","0xe6df","0x85","0xf4","0xae","0xea","0x4d","163","0xdd","121","-107","-23","-40","-123","26","73","-61","60","34","116","105","225","183","209","23","212","-74","-46","18","91","51","-128","-7","0xc5","0xe2","0x42","0xac","0xba","0x51","0xf7","0x3c","0x37","0xacbf4987","0x96","0x4","0xde","0xe7"
"Bandit","0x9aee","0x9e3b","0xd4","0x83","0xa8","0x4f","0x2b","169","0x66","98","45","9","-34","-25","-18","-102","59","10","79","244","195","200","249","24","127","26","54","-117","53","103","60","-62","-75","0x11","0xa7","0x74","0x4a","0xa0","0x28","0x5e","0x7","0xdf","0x6453dd24","0x3a","0x76","0xa1","0x16"
"Bandit","0xf1a9","0x34a6","0xba","0xc8","0xc8","0xa8","0x13","190","0x58","106","-14","59","17","44","-99","-40","-96","-65","77","205","158","18","40","254","50","29","-69","-24","-73","-67","-26","73","82","0x97","0x4c","0x5a","0xe9","0x86","0x82","0x61","0xa8","0x26","0x125ac5b","0x52","0x97","0x4c","0x3a"
"Carjiga","0x4e83","0xc366","0xf4","0xb7","0x4c","0xc7","0x2e","234","0xc0","151","126","105","-28","-116","-87","55","-111","111","214","65","148","31","70","206","135","186","-93","11","-28","90","107","24","-66","0x86","0x4f","0xca","0x2d","0xc3","0x3a","0x9b","0xc3","0xe6","0x6a45ab2f","0x8c","0x82","0x97","0x2d"
"Bandit","0x1985","0xdc4c","0x50","0x41","0x9e","0x4","0x9f","42","0x9a","194","80","46","84","-87","-45","-18","-118","-112","170","55","93","75","2","159","42","154","-126","-21","-51","-112","84","49","-38","0x1c","0x46","0x66","0xfc","0xff","0x5c","0x65","0x77","0xbd","0x9d90837","0x1c","0xbc","0xd0","0xe7"
"Bandit","0x98d8","0x3506","0xee","0xda","0xac","0xfe","0x51","49","0x88","113","-8","11","-10","54","105","-21","-6","85","226","230","48","38","142","172","31","141","62","15","67","46","121","18","25","0xbd","0x6a","0xe4","0x49","0x1d","0xe8","0x95","0x68","0xa8","0x3f55229f","0x94","0xa9","0x37","0x9d"
"Bandit","0x1904","0x6abd","0x24","0x25","0x50","0x8c","0x3a","179","0x1d","234","68","75","31","-33","-4","-101","-52","-116","255","44","163","135","100","157","164","97","-44","-99","-19","-104","91","-52","41","0xb","0xd2","0x37","0x36","0xe9","0xa2","0xcc","0x2a","0xde","0x20969fb7","0x94","0xb","0x65","0xb0"
"Bandit","0xf6dd","0x8816","0x6f","0xf9","0xb1","0xd0","0x20","79","0x2","68","-106","49","126","-12","73","93","-12","-61","84","95","58","174","152","66","18","68","-106","49","126","-44","75","-125","54","0xdb","0x69","0xbb","0xaf","0x90","0x12","0x28","0x8a","0xf7","0x93c11dd2","0x12","0xbe","0x86","0x79"
"Bug","0xecbf","0x7a33","0x48","0xd6","0xad","0x3f","0xa6","254","0xb8","54","5","124","-34","28","110","122","-47","58","163","167","187","34","25","12","75","181","-39","-51","-5","-120","-35","108","60","0x19","0x27","0x9","0x6e","0xa8","0x68","0xc7","0x93","0x9a","0x97a1b1f3","0xb5","0x91","0x40","0x4f"
"Bandit","0xf14d","0x6e24","0xa8","0x68","0x47","0xe1","0x89","126","0x18","57","31","25","61","36","-21","-16","83","-33","221","253","191","222","140","157","57","234","64","56","-94","-3","-8","123","-77","0xb6","0x52","0xc","0x1d","0xaf","0xf0","0x53","0x68","0x10","0xb25feea","0x2b","0x50","0x6e","0xd0"
"Bandit","0xcdef","0x49b8","0x46","0x3","0xbe","0x79","0xc","149","0x39","111","-77","22","94","-24","-121","44","-28","73","143","220","232","147","90","17","232","11","-89","-11","-64","-75","42","-107","-93","0x21","0x9","0x8f","0xdc","0xa8","0x97","0x6","0x6d","0xb6","0x61cdedd3","0xa2","0x62","0xfb","0x16"
"Bandit","0x4ddf","0xd8bd","0x37","0x64","0x78","0x2b","0xa8","20","0xaf","152","-6","-16","-71","-13","26","41","41","6","176","213","85","102","93","100","100","150","70","-67","-54","-75","18","-121","54","0x72","0xf6","0xfe","0xfa","0xec","0x73","0x5f","0x8d","0x60","0xe9ec4157","0xd9","0xfe","0x7f","0x8e"
"Bandit","0xa554","0xab78","0x93","0x8a","0x42","0xe8","0x49","237","0xd7","191","66","-13","-105","-4","-101","-78","78","18","138","66","168","240","68","63","140","156","15","-38","-5","33","45","118","-8","0xaa","0x40","0xdd","0x99","0xb4","0xb5","0xf4","0xb7","0x20","0x9c8da123","0x31","0xa","0x43","0x5a"
"Natalie","0x3d2c","0x96bd","0x36","0xe5","0x6","0xb6","0x6c","160","0xc0","168","-108","-76","47","-35","-88","-52","10","-89","237","190","2","67","137","206","135","216","-33","-2","-118","-47","-49","-44","41","0x15","0xcf","0x93","0x25","0x3f","0xdc","0xda","0xd7","0x1d","0x78376a4f","0xcd","0xaf","0x30","0x92"
"Bool","0xb69","0xfdab","0xbf","0x4a","0x2","0x25","0x3f","220","0xda","215","29","-123","39","-6","97","-28","4","14","180","247","67","90","40","122","51","3","-47","-1","7","-66","-90","123","-109","0xc3","0xc6","0x1b","0x89","0x41","0xa","0xa7","0x37","0x5e","0x285b3068","0xf","0xe3","0x37","0xbe"
"Bandit","0x2aff","0x7371","0x72","0x83","0xc","0x53","0x34","35","0x89","63","-44","-3","-81","18","-99","40","-123","43","83","13","188","177","36","222","190","193","80","-50","25","127","73","11","-5","0xb9","0x89","0x94","0xdd","0x8b","0x2a","0x92","0x7e","0x47","0x2ff02df8","0xda","0x66","0xe9","0xca"
"Bandit","0x4392","0x157","0xfa","0x8d","0xde","0x32","0x7a","136","0x2f","131","-19","117","50","-21","126","121","-32","-98","187","240","206","134","64","184","110","60","91","93","-27","43","52","34","55","0x77","0xc8","0xd","0x8f","0x49","0xc3","0xb4","0xdd","0xb2","0xdbdbd880","0x5a","0x99","0x6a","0x37"
"Bandit","0x6ddb","0xba90","0x79","0x12","0xf4","0x6c","0xf","229","0x9c","177","102","20","-10","-97","-10","-123","78","2","100","251","191","122","75","185","19","134","80","-21","106","-50","24","15","-47","0x5d","0x99","0x1a","0xf8","0x17","0x6d","0x25","0x3d","0xdb","0x1fc60c28","0x8c","0x3a","0x11","0x4d"
"Bandit","0x2ead","0xfbd6","0xd0","0x6e","0xb4","0x5b","0xc4","254","0x7f","87","-11","-90","109","117","-107","-81","96","111","107","101","106","165","133","145","225","157","-83","-34","91","50","-54","-109","-69","0x64","0xad","0xbd","0xe3","0x49","0x6d","0xca","0x8a","0x85","0xd4ca1b38","0x9b","0x4e","0x2","0x7e"
"Bandit","0xf847","0xfbad","0x23","0x36","0x91","0x9b","0x2b","156","0x7e","136","46","62","127","-119","1","24","6","-49","95","123","45","158","146","65","39","179","97","21","-8","38","96","-56","122","0xa4","0xc6","0x19","0x7e","0xe4","0x67","0x98","0xde","0x80","0x17fba87c","0x87","0x5","0x53","0x6c"
"Bandit","0x6b48","0x9a53","0x4a","0xa2","0xe","0xc6","0x6f","183","0x55","151","-52","-91","118","-21","37","1","-11","-55","254","164","174","47","227","90","168","74","-35","-13","-28","48","51","-6","73","0xf5","0xc9","0x5e","0x28","0xd7","0x36","0xea","0xc4","0xfd","0x67ff84f0","0x4","0xfe","0x45","0x9b"
"Heintz","0xd6c7","0x1108","0x85","0xdf","0x32","0x7a","0x48","72","0xe2","123","-50","43","91","-83","-112","-44","115","-49","93","112","198","240","18","9","190","70","111","-97","127","-11","-106","114","33","0x4","0xfe","0x45","0xbb","0x53","0xb2","0xf1","0x1b","0xb9","0x93760f75","0x27","0x1","0xf5","0x61"
"Black Fang","0xe46b","0xdd49","0x55","0xa5","0x9a","0xa3","0x9f","103","0x25","219","-97","-100","66","18","-11","97","107","68","157","30","222","192","200","92","234","158","39","118","84","-118","103","-117","-56","0x54","0x64","0xd0","0xf0","0x1a","0x1b","0x9b","0x3f","0xd5","0x8c52d701","0x36","0xe7","0x78","0x1f"
"Black Fang","0xafa9","0xe389","0xc1","0x37","0xf1","0x4","0x9f","161","0xeb","221","74","83","-17","101","40","-54","-80","64","44","9","126","183","181","47","135","114","-50","-8","105","-11","-90","-109","126","0xb7","0xb5","0x2f","0x49","0x25","0x34","0xea","0x50","0x4b","0x9433fff0","0x88","0x76","0x27","0xc3"
"Black Fang","0xcb8f","0x2f7b","0x7e","0xd4","0x56","0xe2","0x2","245","0x35","113","-68","30","73","-67","-70","-87","-1","59","138","169","254","226","98","237","201","248","-90","92","-57","60","46","108","-10","0x7c","0x91","0x8","0x73","0xb","0xb3","0x2e","0x6f","0xe3","0xe5a5d1ee","0x6a","0x67","0xa5","0xb0"
"Black Fang","0x125e","0x7f81","0xca","0xec","0x49","0xed","0x6","239","0xad","182","50","-75","62","119","97","102","79","2","129","127","202","172","240","68","63","140","-100","15","-69","-103","-51","38","41","0x40","0x9b","0x80","0x21","0xeb","0x91","0xca","0xde","0x67","0x59267265","0xb8","0xf5","0x9b","0x75"
"Black Fang","0x4be0","0xcddb","0x56","0x95","0x28","0xfb","0x43","154","0xa3","134","44","57","-127","-61","-19","32","59","2","62","14","252","45","35","91","93","101","-58","56","117","21","-88","59","115","0x31","0x6c","0xd4","0x34","0x6a","0x37","0x73","0x33","0xbd","0x93cb58be","0x3b","0x29","0x9a","0xa1"
"Black Fang","0x9f9c","0xdc49","0x8","0x7d","0x49","0xf6","0x72","17","0x81","75","2","59","41","26","39","12","-95","29","243","248","169","175","68","191","10","72","-76","-68","-43","33","75","-4","-99","0x24","0xd9","0xac","0xdd","0xc1","0xe2","0xc9","0x60","0xd2","0x3c6cb606","0x92","0x6f","0x78","0x9c"
"Beyard","0x220e","0xc645","0x9b","0x78","0x66","0x68","0xdc","181","0x99","215","-16","-85","48","-122","73","19","-2","-36","239","35","18","91","51","64","158","4","-103","-67","-74","-29","73","93","-97","0x4b","0x8b","0xa3","0x35","0xc3","0x50","0x4d","0xb6","0x58","0xbd99024b","0xb6","0x23","0xd5","0x7c"
"Black Fang","0xd50a","0x6a37","0x12","0x2d","0xcd","0x33","0xef","124","0x5","177","31","-109","88","-103","-70","99","-95","100","251","147","83","128","23","175","251","26","35","-87","38","123","19","-44","60","0x73","0xd4","0xbf","0x95","0x2e","0x97","0x8a","0xca","0x61","0x89366cde","0xc1","0x1f","0x6d","0x2"
"Black Fang","0x1d86","0x655c","0x97","0xf5","0x1f","0xf2","0xc4","33","0x37","121","18","-69","87","-52","-10","-1","73","93","212","7","114","69","138","251","234","36","1","126","71","-8","77","-20","77","0x2e","0x43","0x57","0xb9","0x7b","0xc5","0x6c","0x97","0x7","0x30bd3f8e","0x72","0xc6","0xa4","0xbe"
"Black Fang","0x912a","0x7986","0xc4","0x12","0xba","0xbc","0x3d","137","0x14","66","-103","94","-54","16","-46","-115","6","92","13","27","155","47","118","75","139","63","58","31","81","41","16","-5","-115","0xb7","0x57","0xa6","0xda","0xcd","0x26","0x8e","0xd8","0xa3","0x36012795","0x82","0x9a","0x9e","0xd4"
"Black Fang","0x8b9c","0xb5a8","0x1f","0xf","0x65","0xea","0x4d","39","0x1","54","-126","-102","-42","-33","74","127","19","48","236","240","85","1","238","185","11","29","106","45","-12","83","66","-58","-82","0xea","0x4d","0xaf","0x4c","0xad","0xb7","0x10","0xbe","0x98","0xd075491a","0x65","0xa3","0xa6","0xe9"
"Black Fang","0x8796","0xb9af","0xde","0x1b","0x84","0xac","0x54","183","0x3c","116","121","-37","109","-112","-70","-17","35","-122","70","121","18","129","33","177","182","227","73","-67","-45","-19","37","-102","-107","0xa9","0x12","0x5b","0x33","0x40","0x12","0x8c","0xdc","0x89","0xff09e1fb","0xcf","0xce","0xf8","0xdd"
"Black Fang","0x35eb","0x17ca","0x17","0x24","0x9b","0xc","0x2b","65","0xfd","217","92","8","106","91","105","105","-112","108","50","253","253","52","137","209","167","70","-15","-71","-56","-31","-89","-34","75","0x83","0x36","0xdb","0xe9","0x6f","0xc1","0x13","0x53","0xe9","0x1ddc0e04","0x52","0x12","0xa3","0x7e"
"Black Fang","0xb9d9","0x6a41","0xc1","0xd8","0x6c","0x94","0x27","1","0xf5","65","28","-54","-123","-54","-51","-87","-97","35","37","197","0","73","245","65","204","160","-109","-39","48","-3","-67","57","-20","0xb4","0xe0","0x46","0x3b","0x52","0x52","0xc","0x60","0xab","0x191accab","0xcd","0xa2","0xfc","0x30"
"Black Fang","0x5d82","0xba85","0x32","0x2a","0x5e","0xd0","0xd9","206","0xf8","240","-86","-53","2","118","51","-101","-59","-102","82","236","109","94","168","2","235","162","62","-86","-123","-54","-51","-82","-111","0x4","0x55","0xfe","0x52","0x47","0xde","0x3f","0xa9","0x65","0xcd1a252c","0xf8","0xda","0xf1","0x28"
"Yogi","0x21a7","0x5509","0xfe","0x52","0x47","0xde","0x17","158","0xe8","135","-111","-13","-15","73","-103","-20","22","-66","52","195","86","122","55","41","33","181","-83","-32","-99","6","-44","119","46","0xb9","0x1d","0xab","0xc4","0xcd","0x61","0xd9","0x48","0x4f","0x983d6e10","0x64","0xdf","0xec","0x39"
"Caelin","0xcbf2","0xf9dc","0xe0","0x6","0xc9","0x26","0xc9","249","0x56","166","-118","125","-93","-108","104","-14","36","-100","123","149","210","63","169","191","70","166","92","-103","26","-8","23","-19","36","0x9c","0x7b","0x95","0xd2","0xb7","0x85","0x23","0x8c","0x9c","0xfd13c28f","0xc0","0xf7","0x97","0x18"
"Caelin","0x6180","0x4df0","0x3c","0x37","0x7b","0xe2","0x7f","123","0xb7","240","-91","-9","27","-91","-3","-14","62","-94","232","82","110","203","6","248","30","237","-18","126","-107","54","-121","101","127","0xf9","0xa","0x43","0x5e","0xdb","0x8f","0xc5","0x9e","0xab","0x82fbdf62","0xc8","0xfe","0x3c","0x9"
"Caelin","0xab1b","0x1774","0xee","0x93","0xba","0xa8","0xe7","92","0x44","173","-106","4","27","-85","116","23","110","33","196","133","180","221","140","159","158","29","-2","95","-95","110","68","-83","93","0x26","0x92","0xfa","0xdb","0xd4","0x8b","0x8b","0x94","0x49","0x6be1fec6","0x1d","0x52","0x5f","0x5a"
"Caelin","0x620c","0xeaec","0xb","0x6f","0xeb","0x2b","0x70","213","0x67","183","-101","77","92","47","9","-90","-36","96","40","199","191","41","251","141","101","232","98","113","-109","15","-112","60","101","0x28","0xf7","0x34","0x89","0xd1","0xcf","0xde","0x8b","0xe6","0x1246cba","0x55","0xb6","0xcf","0xfe"
"Caelin","0xce50","0x55fa","0xb7","0x87","0x6e","0x9a","0x73","21","0x69","254","-23","36","85","-74","-49","-66","121","-51","90","218","107","172","123","49","186","74","4","-111","37","123","-23","124","20","0xd4","0x4d","0x9d","0x16","0xeb","0x60","0x57","0xf5","0xa6","0x3a659f67","0x76","0xa1","0x66","0xfd"
"Caelin","0x14f1","0xd930","0x13","0xfe","0x44","0x5","0x19","166","0x68","146","91","105","63","22","-69","-14","105","-36","22","150","196","78","68","229","194","173","122","-75","36","59","121","-127","-3","0x49","0x4d","0xcf","0xf6","0xff","0x73","0xa4","0x2a","0xc5","0xa1092afb","0x16","0x5a","0xb9","0x93"
"Caelin","0xd817","0xceeb","0x76","0x9d","0x38","0x22","0xd","177","0xd7","3","-41","-46","50","-74","-2","122","-90","-104","104","16","227","166","40","133","29","186","79","-95","91","76","13","100","-63","0xca","0x55","0xbd","0x2e","0x9c","0x16","0x87","0xc1","0xd8","0x363949c7","0xa7","0x66","0xe7","0xfb"
"Eagler","0xdfd7","0x1258","0x8b","0xe6","0x1b","0xca","0xc9","84","0xf3","151","-4","-101","-78","78","18","-37","-109","67","134","74","37","8","189","147","183","210","-96","-26","-125","23","-116","113","59","0x29","0x9c","0xde","0x91","0x99","0x1f","0xfe","0xc","0x25","0x24848fbe","0x8a","0xa9","0x3e","0xfb"
"Caelin","0x5fba","0xeca7","0xdb","0x32","0x1d","0xbb","0x50","139","0xd4","24","92","-5","102","-33","25","116","50","-113","124","251","185","54","242","141","117","15","-10","-33","17","58","26","126","35","0xa1","0x17","0x84","0x43","0xce","0x93","0x59","0xc5","0x2b","0x5fb94393","0x5f","0x7a","0xb1","0x32"
"Caelin","0xc655","0xa982","0x9e","0x4","0x59","0xc5","0x2b","147","0x8f","228","27","30","-89","-37","-50","56","-68","-83","143","245","23","26","204","62","59","99","82","-23","-65","-55","101","-24","-26","0xb0","0x21","0x18","0xf2","0xda","0x29","0xb3","0x1b","0xce","0xfa529ec4","0xdd","0x8b","0x45","0x6c"
"Caelin","0x9b50","0xf931","0x48","0xf1","0xde","0x56","0x78","58","0x63","216","-68","-112","-42","-120","19","-5","-25","69","136","18","243","36","153","110","241","148","-95","-100","-11","-57","-102","81","8","0x86","0xaa","0xed","0xad","0x24","0x99","0x6e","0xf1","0x94","0xf30149f0","0xc6","0x69","0x19","0x6d"
"Caelin","0xd0d6","0x86b0","0xf8","0x77","0x66","0x5e","0x22","193","0xd7","232","-19","51","-60","-34","-108","21","11","113","54","148","169","55","61","251","76","192","-112","117","-40","120","91","-68","-44","0xec","0x51","0x7e","0x18","0x6d","0xd6","0xc2","0x17","0x5b","0x17e6d207","0xec","0xd2","0x9b","0xea"
"Caelin","0x4935","0xb8a4","0xff","0x74","0x12","0x3b","0xb9","85","0x76","60","-87","-11","-64","-75","-12","39","77","75","63","9","126","71","248","77","236","189","12","69","-122","-95","-107","59","-71","0x55","0x42","0x12","0xdc","0x73","0x17","0xde","0xc9","0x9b","0x55e95b9b","0x62","0x7","0x75","0x2b"
"Caelin","0xfcd2","0x836d","0x7e","0x21","0x4e","0xa4","0xc6","32","0x67","180","50","-43","-9","-2","106","72","11","41","91","46","216","179","50","57","147","44","-36","74","18","-97","-12","-122","59","0x9e","0xd4","0xbb","0x44","0x43","0x96","0xf8","0xeb","0xf3","0x2dde1256","0x64","0x68","0xdc","0xb5"
"Lundgren","0xfd59","0x62a3","0x10","0x9f","0xf4","0x86","0x3b","200","0x19","117","-2","98","-65","23","-15","21","62","-5","185","54","210","165","100","254","182","232","49","-57","10","81","-1","-24","6","0x3d","0xdf","0xa3","0x29","0x81","0xe2","0xf","0x53","0xf9","0x16d32421","0x56","0xf7","0x8b","0xb3"
"Caelin","0xf327","0xcfc3","0x93","0xde","0x7f","0x8a","0xed","255","0x93","218","-27","120","-5","70","126","30","118","79","222","147","203","172","24","198","109","248","-88","-40","-69","-103","-74","-53","24","0x96","0x59","0x31","0x8c","0x9b","0x8f","0x3","0x9b","0xf7","0x1773dcfe","0xf0","0x79","0x73","0xe"
"Caelin","0x365b","0xc91e","0x37","0x3c","0x4e","0x4b","0x43","188","0x4f","216","-20","13","-73","-34","118","98","88","-104","88","18","243","204","42","237","151","67","-71","47","25","-41","70","-25","89","0xc9","0xf6","0x1a","0x24","0x1","0xf3","0xcc","0x2a","0xed","0x19bb2b97","0xa6","0x77","0x6c","0x30"
"Caelin","0x77c8","0x901a","0xd1","0x43","0x64","0xbc","0x89","231","0xfb","191","-18","-84","75","-55","-116","-100","-64","-63","107","172","83","35","169","231","218","55","-69","-55","64","-44","-69","61","-68","0x84","0x55","0xa2","0x20","0x7b","0xcf","0x2f","0xcd","0x55","0xaad7a7f6","0xc0","0x53","0xcb","0x1f"
"Caelin","0x6d26","0x3f67","0x2f","0xba","0x46","0x12","0x8b","126","0xd8","55","-108","-5","18","59","43","43","83","101","236","182","61","133","36","139","118","231","80","-18","75","-20","-84","-84","76","0x95","0xb1","0xdb","0xf6","0x14","0x92","0x8b","0x76","0xe7","0xc786f923","0x69","0xb1","0xea","0x46"
"Caelin","0x8935","0xa075","0x98","0xf0","0xfb","0xc8","0x5a","163","0xb7","111","65","20","123","41","-72","-54","-18","-116","87","196","154","96","67","53","235","187","79","1","-109","-113","-6","31","-75","0xab","0x40","0xdc","0x9c","0x9a","0xdd","0x70","0xeb","0xd3","0x9d09f2e8","0x9b","0xc3","0xa4","0x61"
"Caelin","0x7d08","0xac16","0x55","0xfd","0x82","0x24","0xf5","101","0x5c","63","-89","95","23","-83","75","2","-37","-45","253","140","156","209","251","200","142","46","5","-11","52","64","114","-124","-83","0x22","0xeb","0x7a","0x26","0x1f","0xf5","0x3f","0x6a","0xf7","0x2d0e6c15","0xe0","0x97","0x16","0x83"
"Caelin","0x7d9b","0x8fca","0x46","0x90","0x76","0xdc","0x6f","84","0xd3","120","-109","68","-25","47","-7","22","93","-24","167","57","178","93","57","42","116","158","4","3","97","25","-54","69","-54","0x2f","0xb5","0xb8","0xae","0x4","0x8a","0x48","0x2","0x83","0xe2b43b70","0x94","0x8f","0x30","0xb1"
"Tactician","0x77ae","0x6a63","0x6","0x5f","0x68","0x30","0xf6","113","0x4a","139","-67","23","-26","-108","-107","-72","-128","-35","237","90","99","126","174","141","248","210","-76","-9","67","90","-124","36","-22","0xc9","0xfa","0xcb","0x60","0xe4","0xd8","0xcd","0x16","0x2f","0xa4da6eb5","0x8","0x88","0x41","0x67"
"Citizen","0xba3c","0x81ad","0xf3","0x51","0xb7","0x95","0x24","3","0x61","25","-54","-15","119","49","35","-51","-40","95","86","124","149","4","69","189","219","161","21","-89","124","68","-99","30","-34","0xc0","0x8","0x44","0x14","0x7e","0x13","0xfb","0x86","0x9e","0x19726ec2","0xba","0xb6","0x4c","0xe5"
"Citizen","0x4187","0xbf74","0xb5","0x32","0xde","0x89","0xe0","144","0x23","51","-27","-99","87","-63","125","66","121","16","173","235","109","94","72","47","94","106","119","42","-43","-3","-13","25","34","0xec","0x5a","0xf8","0x3d","0xc2","0x19","0x3b","0x52","0x86","0x2797d6b4","0x1","0x3","0x61","0x19"
"Citizen","0x45ca","0xe5ea","0x6e","0x43","0xf3","0xaf","0x5d","69","0x12","6","-28","-40","-51","-74","79","-2","-26","-16","119","11","223","87","176","55","231","38","41","-124","124","-23","-52","-8","15","0xb9","0xd9","0x9c","0x8","0xd1","0xbf","0x6f","0x7b","0xf1","0x399c617a","0xd3","0xe8","0xe2","0xd6"
"Citizen","0xb085","0xfec6","0x3c","0xb6","0xde","0x74","0xd3","223","0x58","247","-48","107","-115","37","1","126","71","-8","77","244","239","9","55","229","205","35","70","2","49","109","115","97","-37","0xab","0xf3","0x21","0xd6","0x81","0xe4","0x88","0x95","0xa9","0x2de5762","0x31","0x1a","0x6f","0x76"
"Citizen","0xa3c6","0x2785","0xfa","0x61","0xe4","0x7c","0x88","93","0xf9","52","12","31","-83","100","21","98","-4","11","56","100","137","67","134","74","37","152","39","23","-46","98","29","-116","39","0xd9","0x58","0x99","0x2a","0xfa","0xf7","0x8a","0xf7","0x84","0xb666f29b","0x4a","0x74","0xc6","0x9b"
"Citizen","0xac83","0x3103","0x48","0xf5","0x75","0x22","0x64","93","0x10","31","-15","98","59","-51","-80","-11","62","-78","155","20","181","36","69","253","66","201","-10","26","-16","-81","-58","-112","42","0x33","0x6e","0xc5","0x46","0x2a","0xd9","0xa7","0xfd","0xb8","0xd4f1a7cb","0xf2","0x87","0x21","0x46"
"Citizen","0xef52","0x134b","0x59","0xb2","0x97","0xe6","0x5a","111","0xf3","109","120","-117","-3","42","25","-124","47","-51","100","159","127","147","244","154","113","207","93","112","-58","-101","81","-23","-49","0x30","0x89","0xc1","0x6d","0xc8","0x8e","0x8b","0x76","0x5b","0x6357f983","0x48","0x95","0xd9","0x4b"
"Citizen","0xcda3","0xa6e1","0x97","0x6d","0xff","0xaf","0x20","165","0x71","247","-99","-113","70","-6","-26","82","77","-6","236","229","202","168","205","26","122","138","-43","-108","-1","60","9","-34","-25","0xee","0x9a","0x3b","0x7c","0xe9","0x7","0xb6","0x8d","0x6c","0x948d982b","0xbe","0xb4","0x18","0x39"
"Citizen","0xe7b8","0x382e","0x95","0x56","0xa6","0x3e","0xb5","252","0x61","166","-88","-39","-6","-73","-50","67","110","-115","80","112","219","174","173","182","254","88","-122","-30","-123","125","-2","-104","95","0x21","0x5d","0x6f","0xa4","0x3d","0x6e","0x21","0x5c","0x5","0x8b3666ec","0x35","0x21","0x57","0x3b"
"Merc","0x9275","0xef60","0xb3","0xee","0xca","0x50","0xaa","148","0x36","191","96","-105","-34","5","102","-9","21","-42","23","107","66","2","147","116","59","17","-126","71","-68","-102","75","53","-19","0xa0","0xf4","0xb","0x92","0x7e","0x47","0xf8","0x4d","0xec","0x33819bca","0x1b","0x92","0xaf","0x41"
"Pirate","0x7453","0x73ab","0x5d","0x6f","0x86","0xa4","0x8a","145","0x13","56","84","-78","79","-8","26","-121","12","-107","74","232","68","52","181","186","88","111","55","91","-1","22","28","95","10","0xa7","0xb","0x6e","0xdb","0x35","0x5b","0x36","0xde","0x18","0x3eb3d6a7","0x4c","0x9a","0xab","0x1f"
"Bandit","0x9422","0x39f5","0x27","0x30","0xf0","0xb6","0xd1","102","0xed","125","36","37","80","20","-17","-65","101","58","118","161","102","253","177","224","6","98","-28","-92","-63","-38","38","9","-63","0x5e","0x21","0x2d","0x76","0xe5","0x6d","0x92","0x71","0x6d","0xbb52f174","0x33","0x4f","0x2","0x64"
"Citizen","0x9bfb","0xe2b5","0x2e","0x22","0x6c","0x16","0x6b","178","0x3f","132","-11","105","-14","116","22","-49","-56","-39","43","15","129","127","209","110","234","221","90","27","-95","-33","-24","45","-93","0x87","0xf8","0x2a","0x57","0x15","0x1e","0x5a","0xf3","0xf5","0x676cf40","0x77","0x91","0xed","0x5b"
"Citizen","0x8ea3","0x30ec","0xe3","0x49","0x4e","0x9d","0x8","106","0xeb","140","-100","-64","65","98","107","6","48","-105","106","178","155","113","219","219","74","123","-97","-69","107","102","-35","-6","99","0x19","0x4","0x37","0x18","0xa6","0x5b","0x6e","0xb7","0x44","0x6eded25a","0x66","0xb3","0x58","0x53"
"Citizen","0x3e8a","0x293d","0xb6","0x15","0xe4","0x49","0x3b","185","0x55","118","-8","-46","-97","42","-102","-126","-71","-42","23","232","151","26","189","143","100","244","-112","-84","99","-88","-40","98","-55","0x19","0x37","0x5","0x97","0xbd","0x8e","0x33","0x1e","0xe5","0xde10bb9e","0x62","0xbf","0x4a","0xb6"
"Black Fang","0x828a","0xeae0","0x87","0x88","0xd","0x34","0xb4","108","0xc0","221","12","-45","-19","111","-46","-42","-83","-45","137","112","198","163","219","10","216","70","-20","-23","96","77","-71","-109","91","0x65","0x7","0x39","0xa3","0x95","0xa9","0xa9","0xf5","0x50","0x3cfdabfe","0xc9","0xb1","0xff","0x9e"
"Black Fang","0xc433","0xbcae","0x6d","0x7f","0xa3","0xa6","0x6b","206","0xc7","248","-115","-66","-41","-12","-66","-76","-127","-73","141","50","235","164","228","60","9","25","-67","106","-92","-16","68","63","-116","0x9c","0x8f","0x8c","0x1e","0x22","0xe3","0xe6","0x71","0x61","0xe7965873","0xf","0x33","0x69","0x98"
"Bandit","0xf0f4","0xcd6d","0xf9","0x10","0x7b","0xc3","0x47","203","0x2d","18","-37","-76","-30","-42","-16","-33","-82","-126","186","197","124","14","55","84","180","195","107","-24","63","-2","-34","-100","-29","0xbd","0xc1","0x7e","0x8a","0x2","0x65","0xa3","0xee","0x96","0x415f76f6","0xa2","0xe5","0xfe","0x6c"
"Black Fang","0xcad8","0xa7ec","0xbc","0x92","0xbf","0x59","0x7b","151","0x59","86","-37","-1","-33","110","15","74","-3","48","164","133","74","35","118","179","241","228","-33","-105","-114","74","73","-37","-51","0xb6","0x4d","0x8e","0x9a","0x14","0x91","0x27","0x1","0x44","0xb47e3196","0xf0","0x44","0x3f","0x8c"
"Morph","0x8f9c","0x1e8c","0x22","0xe3","0xe6","0x71","0x61","179","0xd7","77","-117","117","96","88","49","-42","8","125","22","164","170","127","248","154","51","166","-5","20","-22","100","102","-4","87","0x63","0xa8","0xd8","0x62","0xc9","0xb1","0x9b","0x8d","0x87","0x6399dc56","0x9d","0xcd","0x61","0xc7"
"Black Fang","0x46fd","0xcf4d","0x9e","0xe8","0x87","0x11","0xbe","35","0x55","115","97","-85","-56","-25","-73","-50","-57","-72","245","206","184","50","191","145","207","164","-42","-75","-67","-123","-35","-89","-34","0x41","0xf8","0x13","0x15","0x34","0xb5","0xba","0x58","0xbf","0xca29a17e","0x85","0x54","0x6a","0x49"
"Black Fang","0x477e","0x4df8","0xec","0x4d","0x2e","0x43","0x57","169","0x28","132","10","79","-12","-61","-56","-7","-80","-101","221","254","138","31","86","163","171","204","12","-65","-26","-18","17","-31","1","0x19","0x96","0x66","0x5d","0xde","0xdc","0x50","0xd1","0x8e","0xd0e856d","0xa0","0xbf","0x6d","0x59"
"Bandit","0xbd99","0x7727","0xeb","0x62","0x68","0xcd","0xd7","35","0x18","201","-24","33","50","30","-87","-102","11","52","242","154","73","35","193","216","124","183","-46","26","51","108","-123","-81","-111","0xb6","0x4e","0x8f","0xce","0x5c","0xaa","0x49","0x51","0xbe","0x44d2f830","0x2e","0x12","0xdb","0xb4"
"Ostia","0xf57e","0xf296","0xe2","0x92","0x37","0x82","0xd1","250","0x1f","29","-65","125","-18","26","73","69","-111","-121","191","96","111","147","182","174","95","108","-61","91","-41","-101","84","-93","56","0x8d","0x4d","0x3c","0x51","0xf2","0xc3","0xad","0x7d","0xdd","0x83b67751","0x4f","0xaa","0x75","0x3a"
"Rath's unit","0x9a11","0x5711","0x9a","0xa5","0x9b","0x78","0x76","176","0x50","178","-3","-55","81","-66","114","-60","52","35","174","204","80","66","79","239","95","154","66","-70","86","7","-29","55","-31","0xc9","0x99","0x17","0xdb","0xe9","0x5b","0x7e","0x23","0x62","0x378d151f","0x3b","0xee","0x37","0xaa"
"Bandit","0xfc69","0x1469","0xd3","0xd4","0x7d","0xdd","0x99","216","0xbb","81","-67","105","-1","-65","-40","126","60","-26","177","245","86","255","23","36","1","69","-111","-121","-65","96","111","-109","-74","0xae","0x5f","0x6c","0xc3","0x5b","0xd7","0x9b","0x54","0xa3","0xbbeb1c78","0xdf","0xa8","0xa6","0x31"
"Bandit","0xceea","0xfef8","0x7c","0x52","0x8d","0x52","0xea","135","0x52","81","-12","36","-49","-36","-22","54","-24","68","108","14","147","182","7","55","190","159","94","75","-101","114","3","30","-109","0x86","0x69","0xbb","0xa","0x62","0xbf","0x5b","0x6d","0xca","0x23430c7e","0x23","0xe7","0x63","0x5b"
"Bern","0xe4ba","0x5b87","0xfb","0x9a","0xf5","0x5f","0x9f","237","0xe0","248","82","56","93","78","-29","-64","2","-124","165","140","91","191","217","51","108","165","-19","102","12","37","-66","-113","-20","0x45","0xbb","0xed","0xbf","0x3a","0x9","0x45","0x91","0x9b","0x8ab97d6b","0x7e","0x48","0x13","0x51"
"Guardian","0x4df8","0xbdec","0xc","0x45","0x86","0xa1","0x3b","17","0xd8","86","40","-2","101","-31","-12","42","-47","89","53","66","233","198","216","42","234","202","-37","-112","-123","119","26","32","-79","0x35","0x3","0x98","0xa5","0x37","0x4d","0x7c","0x52","0x76","0xe9ba906e","0xde","0x60","0x74","0x11"
"Morph","0xd41b","0xc2be","0xdc","0x85","0xf0","0x35","0x53","180","0x4d","109","-3","15","-119","-106","-73","-6","31","-65","217","108","146","2","229","6","117","64","-82","-2","104","71","21","-120","113","0x68","0x9f","0x47","0xf2","0xd","0x8f","0xd3","0xf6","0xe6","0xe5dc7edc","0x6d","0xdc","0x4a","0x12"
"Laus","0x9145","0xbf87","0x60","0x6f","0x93","0xb6","0xae","95","0x6c","195","91","-41","-101","84","-93","56","-115","77","60","81","242","195","173","125","221","81","119","-74","-125","79","-86","117","58","0x11","0x24","0x45","0x89","0x66","0xe9","0xe","0x1a","0xa5","0xaf0b5344","0x5a","0xc1","0x54","0x7e"
"Bandit","0x2ad8","0xcaea","0x1b","0x39","0xaf","0xd4","0xf6","67","0xcf","182","21","-16","-3","49","-113","-88","56","-95","26","143","136","145","87","158","20","14","43","73","81","-94","-29","102","58","0x24","0xb1","0x4d","0xc3","0xed","0xc7","0x25","0x3f","0xdc","0x631dd7da","0xf3","0xdd","0x8a","0x20"
"Bandit","0xd1bb","0x192f","0x74","0x32","0xaf","0x97","0x4","126","0x25","222","39","56","-29","-47","-62","19","-3","48","114","62","196","174","188","21","186","219","-22","-112","45","120","-95","-49","-15","0x87","0x96","0x9d","0xf1","0xe8","0xba","0x7","0x13","0x4e","0xe5bef4df","0xe3","0xb7","0xcf","0xc2"
"Bern","0x8783","0x2d2f","0x76","0xe5","0xad","0x20","0x79","200","0xcd","6","26","-70","-55","94","118","35","91","100","251","79","147","7","54","145","155","43","-100","14","-4","-117","-74","80","6","0xdb","0xfd","0xf7","0xaf","0xde","0x52","0xae","0xf4","0xf6","0x8c18500d","0x3f","0x18","0x29","0xb7"
"Guardian","0x7035","0x143e","0x5d","0xca","0x95","0xbe","0x74","185","0x8a","126","72","103","-10","90","-42","-109","-103","110","241","20","129","219","172","164","219","95","98","0","-122","17","-23","14","-75","0x16","0xfa","0x29","0x21","0x1b","0x84","0xfb","0x54","0x5d","0x7f6e3e72","0x71","0xb5","0x97","0xe2"
"Morph","0x787c","0x6fb","0xb6","0xc8","0xf6","0x9f","0x26","15","0x6c","34","55","87","56","29","-8","23","109","-95","12","182","251","239","95","189","165","92","-23","-19","27","-96","48","24","127","0x30","0xda","0x1c","0x76","0xcd","0x6e","0x12","0x2d","0xcd","0x94e97c47","0x40","0x31","0xea","0x94"
"Guardian","0x4c87","0x78b7","0x8a","0x90","0x60","0xc3","0x5e","186","0x43","173","-123","126","74","-56","-17","35","-118","46","229","121","18","126","37","222","39","56","-29","-47","-62","19","-3","48","114","0x3e","0xc4","0xae","0xbc","0x15","0xba","0xdb","0xea","0x90","0xcfa1782d","0xf1","0x87","0x96","0x23"
"Black Fang","0x6fc5","0x97c4","0xce","0xec","0xb5","0x1d","0x5e","26","0xb4","217","78","127","11","2","14","110","68","49","94","17","107","43","60","109","145","237","63","77","-98","-114","-98","85","-118","0x7","0x8d","0xbe","0xc4","0x0","0xc","0x59","0xbe","0xc2","0x8f9d7443","0x8c","0x1e","0x22","0xe3"
"Lloyd (Morph)","0xe291","0x5237","0x18","0x8c","0x3f","0x18","0x6d","14","0xbb","102","55","-119","-106","-26","52","-64","-105","94","127","43","253","77","192","144","117","146","122","95","58","-77","-41","118","72","0x16","0x7e","0xdb","0x46","0x2c","0x9","0x7e","0x47","0xf8","0xcbdec4d","0x45","0x86","0xa1","0x95"
"Linus (Morph)","0x61f5","0xa46b","0xb0","0xa5","0x6f","0xb4","0x39","92","0x59","186","60","124","-109","-44","-22","119","43","36","181","250","253","246","185","196","66","250","59","-61","20","77","114","43","26","0xf4","0xd3","0xbe","0x10","0xdc","0x2f","0x28","0xd5","0xfd","0x91ad87d7","0x2","0xa3","0x52","0x88"
"Brendan (Morph)","0xd491","0xd2fb","0x7e","0xb7","0xb5","0x2f","0xc1","241","0xa7","23","-99","-39","66","-55","-10","39","127","104","185","137","231","211","25","89","86","204","-122","43","-21","74","27","-31","91","0x10","0x70","0x73","0x38","0xbc","0xc5","0xfe","0x14","0x35","0xf7fe4f1b","0x66","0xdc","0xfb","0x3c"
"Uhai (Morph)","0x8da4","0x24f2","0x99","0x6e","0xf1","0x14","0x21","210","0xd6","245","93","-34","118","82","52","-82","-39","119","123","53","218","172","57","31","183","191","-96","-3","-76","4","-95","-36","-106","0x9f","0xfa","0x75","0xf","0x26","0x9c","0xfe","0x54","0xd9","0x8f0b3e46","0xf8","0xd2","0xa9","0x46"
"Ursula (Morph)","0xe106","0xb02a","0x4a","0x5c","0x84","0xc9","0x7f","144","0xc7","86","-56","-82","123","86","-85","-111","-44","27","110","189","237","250","41","112","255","104","74","-117","-5","108","-125","-66","-18","0x8c","0xc9","0xbe","0x60","0xec","0xb8","0x99","0xb6","0xab","0xa3b10620","0xc4","0x72","0xba","0x95"
"Kenneth (Morph)","0x865","0x95f6","0x6c","0xa7","0xb9","0x89","0x8a","228","0xc2","149","-85","54","-28","86","-86","16","-110","126","71","248","77","236","235","182","158","160","-2","108","46","-52","-5","-1","111","0x99","0x8e","0x5d","0xac","0xd3","0x89","0xc0","0xee","0x15","0xd6dffdb3","0xc0","0xf9","0x30","0x95"
"Darin (Morph)","0xb61f","0xee8a","0x13","0x9c","0xf1","0x28","0xc7","159","0x5e","24","-127","-100","87","106","-5","-1","-115","-117","45","59","227","209","219","95","140","222","71","-94","24","-81","-120","53","33","0x8c","0x27","0xd9","0xb0","0x55","0x14","0x39","0x55","0x67","0xb3b6b147","0xcf","0x8a","0x52","0x48"
"Enemy","0xac1a","0xc419","0x8d","0x33","0x6e","0xa","0x2e","59","0xa4","63","88","-23","-52","-10","127","-4","97","117","18","69","145","155","107","125","185","138","126","72","111","-80","-74","-20","81","0x22","0xa","0xbf","0x15","0x9e","0xe8","0x47","0xdb","0x5b","0xd8e996f8","0x85","0x9a","0xf5","0xc7"
"Wall","0x9032","0xaeb6","0x9f","0xc7","0xa7","0xc8","0x32","183","0x1f","139","93","-7","52","-78","50","57","-5","44","168","173","59","180","210","151","230","123","-76","-76","-55","30","-83","-20","70","0x58","0x25","0x3a","0xe3","0x26","0x5d","0x5a","0xed","0x8c","0xd4fa995f","0xf2","0x87","0x49","0xfb"
"Snag","0xc0aa","0xa353","0xf8","0x5c","0xd8","0x22","0x32","21","0x3c","200","-37","15","105","-79","43","111","-60","75","8","95","123","162","97","158","4","222","127","-118","-19","-1","96","94","87","0xf0","0x48","0xbe","0xe1","0x71","0x9a","0x88","0xc2","0x6f","0x19726f62","0xba","0x39","0x2","0x43"
